[{"name":"Christopher Russell","email":"vasquezteresa@example.com","address":"0137 Amanda Port","city":"Chicago","state":"IL","zip_code":"28358","operation":"NEW","timestamp":1643380473,"customer_id":24251},{"name":"Autumn Cruz","email":"rogerskristin@example.com","address":"01285 Matthew Throughway","city":"Los Angeles","state":"CA","zip_code":"69255","operation":"NEW","timestamp":1643357632,"customer_id":24252},{"name":"Megan Snyder","email":"whayes@example.org","address":"99915 Jose Rapid","city":"O'Fallon","state":"MO","zip_code":"43574","operation":"NEW","timestamp":1643405255,"customer_id":24253},{"name":"Marissa King","email":"dukekrystal@example.org","address":"6628 Cook Radial","city":"Sacramento","state":"CA","zip_code":"16968","operation":"NEW","timestamp":1643340140,"customer_id":24254},{"name":"Erin Boyd","email":"michael70@example.com","address":"4820 Daniel Lights","city":"Goodyear","state":"AZ","zip_code":"20569","operation":"NEW","timestamp":1643409202,"customer_id":24255},{"name":"Pamela Anderson","email":"vmiles@example.org","address":"0893 Clark Bypass","city":"Cleveland","state":"OK","zip_code":"09915","operation":"NEW","timestamp":1643389210,"customer_id":24256},{"name":"Melissa Hart","email":"slozano@example.com","address":"6323 Chelsea Circle","city":"Imperial Beach","state":"CA","zip_code":"74592","operation":"NEW","timestamp":1643346981,"customer_id":24257},{"name":"Erika Barajas","email":"enicholson@example.org","address":"349 Mcclure Grove Suite 547","city":"Bangor","state":"ME","zip_code":"42302","operation":"NEW","timestamp":1643365510,"customer_id":24258},{"name":"Thomas Martinez","email":"christopher10@example.com","address":"6919 Samantha Cliffs","city":"Calexico","state":"CA","zip_code":"12483","operation":"NEW","timestamp":1643376528,"customer_id":24259},{"name":"Amber Barajas","email":"joshuaarcher@example.net","address":"8815 Andrea Station","city":"La Verkin","state":"UT","zip_code":"26843","operation":"UPDATE","timestamp":1643329758,"customer_id":23994},{"name":"Tracy Hutchinson","email":"lynchjohn@example.org","address":"866 Michael View","city":"Seattle","state":"WA","zip_code":"68076","operation":"UPDATE","timestamp":1643393008,"customer_id":23850},{"name":null,"email":null,"address":null,"city":null,"state":null,"zip_code":null,"operation":"DELETE","timestamp":1643368449,"customer_id":23292},{"name":null,"email":null,"address":null,"city":null,"state":null,"zip_code":null,"operation":"DELETE","timestamp":1643347076,"customer_id":23788}]