[{"name":"Meghan Archer","email":"bhicks@example.net","address":"696 Herrera Inlet","city":"Winder","state":"GA","zip_code":"86189","operation":"NEW","timestamp":1641244543,"customer_id":24014},{"name":"Kayla Carson","email":"lindsay14@example.net","address":"7894 Smith Estates","city":"Los Angeles","state":"CA","zip_code":"50672","operation":"NEW","timestamp":1641181601,"customer_id":24015},{"name":"Joseph Miller","email":"maynardkeith@example.net","address":"5627 Mason Parkway Apt. 313","city":"Temple City","state":"CA","zip_code":"44052","operation":"NEW","timestamp":1641233888,"customer_id":24016},{"name":"Kimberly Blackwell","email":"jessemonroe@example.org","address":"41437 Moreno Roads Apt. 452","city":"Shoreline","state":"WA","zip_code":"13142","operation":"NEW","timestamp":1641250153,"customer_id":24017},{"name":"Jacob Rodriguez","email":"hperez@example.com","address":"63360 Sarah Streets Apt. 787","city":"Sugar Land","state":"TX","zip_code":"94844","operation":"NEW","timestamp":1641236029,"customer_id":24018},{"name":"Bonnie Maxwell","email":"edwardharris@example.org","address":"7851 Frost Tunnel","city":"Sonoma","state":"CA","zip_code":"97520","operation":"NEW","timestamp":1641196208,"customer_id":24019},{"name":"Matthew Rios","email":"larsenlogan@example.com","address":"76889 Lewis Ports","city":"Scottville","state":"MI","zip_code":"27238","operation":"NEW","timestamp":1641170245,"customer_id":24020},{"name":"Alexander Taylor","email":"allisonyoung@example.net","address":"7742 Jason Throughway","city":"New York","state":"NY","zip_code":"58731","operation":"NEW","timestamp":1641169105,"customer_id":24021},{"name":"Rachel Hernandez","email":"hsmith@example.net","address":"8610 Valdez Points","city":"El Paso","state":"TX","zip_code":"06864","operation":"NEW","timestamp":1641238206,"customer_id":24022},{"name":"Lindsay Lucas","email":"xlawson@example.com","address":"14084 Megan Views","city":"Tulsa","state":"OK","zip_code":"92935","operation":"NEW","timestamp":1641216375,"customer_id":24023},{"name":"Susan Burch","email":"sarahbradford@example.com","address":"95761 Mitchell Port","city":"Maple Valley","state":"WA","zip_code":"79846","operation":"NEW","timestamp":1641181702,"customer_id":24024},{"name":"Jason Kidd","email":"fspencer@example.com","address":"3059 Megan Fall Apt. 544","city":"Lake Forest","state":"CA","zip_code":"13547","operation":"NEW","timestamp":1641203111,"customer_id":24025},{"name":"Stephanie Sanchez","email":"cantujoseph@example.org","address":"607 Bell Plain","city":"San Rafael","state":"CA","zip_code":"10824","operation":"UPDATE","timestamp":1641214692,"customer_id":23631},{"name":"Pamela Harrison","email":"ericaallen@example.com","address":"068 Tracy Village","city":"Greenfield","state":"CA","zip_code":"78518","operation":"UPDATE","timestamp":1641230965,"customer_id":23736},{"name":"Daniel Roberson","email":"phernandez@example.com","address":"037 Elizabeth Ville","city":"New York","state":"NY","zip_code":"75489","operation":"UPDATE","timestamp":1641187490,"customer_id":23964},{"name":"Shannon Cochran","email":"tylerstewart@example.com","address":"954 Oconnell Union Apt. 988","city":"New York","state":"NY","zip_code":"35054","operation":"UPDATE","timestamp":1641192665,"customer_id":23060},{"name":"Leslie Murphy","email":"meghanhudson@example.org","address":"40577 Kevin Inlet","city":"New York","state":"NY","zip_code":"80319","operation":"UPDATE","timestamp":1641207526,"customer_id":23742},{"name":"Anthony Anderson","email":"steveallison@example.com","address":"08938 Tonya Rapids Suite 514","city":"West Des Moines","state":"IA","zip_code":"17887","operation":"UPDATE","timestamp":1641237362,"customer_id":23864},{"name":"Dustin Carney","email":"tbaker@example.com","address":"788 Sean Knolls Suite 866","city":"Kaysville","state":"UT","zip_code":"89250","operation":"UPDATE","timestamp":1641224772,"customer_id":23361},{"name":"Kevin Clayton","email":"shahmichael@example.net","address":"89844 Christopher Lodge Apt. 608","city":"Alhambra","state":"CA","zip_code":"36627","operation":"UPDATE","timestamp":1641178956,"customer_id":23362},{"name":null,"email":null,"address":null,"city":null,"state":null,"zip_code":null,"operation":"DELETE","timestamp":1641176719,"customer_id":23849},{"name":null,"email":null,"address":null,"city":null,"state":null,"zip_code":null,"operation":"DELETE","timestamp":1641175826,"customer_id":23111}]