[{"name":"Michelle Austin","email":"thorntontammy@example.com","address":"024 Victor Ports","city":"Longview","state":"TX","zip_code":"35738","operation":"NEW","timestamp":1641581195,"customer_id":24052},{"name":"Julie Case","email":"sbrown@example.net","address":"8662 Evan Coves Suite 467","city":"New York","state":"NY","zip_code":"26231","operation":"NEW","timestamp":1641533551,"customer_id":24053},{"name":"Nicholas Kerr","email":"tony81@example.net","address":"237 Rachel Green Suite 893","city":"Centennial","state":"CO","zip_code":"33483","operation":"NEW","timestamp":1641578509,"customer_id":24054},{"name":"Amber Avila","email":"kristennelson@example.net","address":"02004 Gina Falls","city":"Hoquiam","state":"WA","zip_code":"20827","operation":"NEW","timestamp":1641537039,"customer_id":24055},{"name":"Brian Smith","email":"rodriguezsara@example.net","address":"4838 Timothy Inlet Suite 031","city":"Los Angeles","state":"CA","zip_code":"39022","operation":"NEW","timestamp":1641521832,"customer_id":24056},{"name":"Felicia Smith","email":"austinmanning@example.com","address":"96844 William Plains Apt. 705","city":"Englewood","state":"NJ","zip_code":"82218","operation":"NEW","timestamp":1641560919,"customer_id":24057},{"name":"Ruben Jones","email":"anthony87@example.net","address":"866 Andre Course","city":"Miami","state":"FL","zip_code":"70904","operation":"NEW","timestamp":1641572624,"customer_id":24058},{"name":"Karen Clark","email":"orobinson@example.org","address":"6943 Rebecca Gateway Apt. 290","city":"Palos Verdes Estates","state":"CA","zip_code":"22246","operation":"NEW","timestamp":1641528437,"customer_id":24059},{"name":"Tricia Nolan","email":"casey64@example.com","address":"1080 Williams Glen","city":"Schertz","state":"TX","zip_code":"02547","operation":"NEW","timestamp":1641527499,"customer_id":24060},{"name":"William Rodriguez","email":"trevor26@example.com","address":"742 Frazier Centers","city":"Tecumseh","state":"OK","zip_code":"52334","operation":"UPDATE","timestamp":1641558391,"customer_id":23206},{"name":"Cynthia Harvey","email":"daviddavis@example.net","address":"30542 Matthew Valley Suite 341","city":"West Hollywood","state":"CA","zip_code":"66576","operation":"UPDATE","timestamp":1641539006,"customer_id":23752},{"name":"Teresa Bradshaw","email":"crystal02@example.org","address":"474 Rollins Drive","city":"Greenwood","state":"IN","zip_code":"51227","operation":"UPDATE","timestamp":1641549268,"customer_id":22307},{"name":"Nicole Kane","email":"fjackson@example.com","address":"203 Hawkins Ramp Suite 278","city":"Bethlehem","state":"PA","zip_code":"21812","operation":"UPDATE","timestamp":1641542237,"customer_id":22618},{"name":"Javier Michael","email":"arthurfranklin@example.com","address":"758 Kenneth Knoll Suite 936","city":"Victorville","state":"CA","zip_code":"72050","operation":"UPDATE","timestamp":1641549619,"customer_id":22877},{"name":"Jeremy Martin","email":"yhoward@example.org","address":"4267 Christine Spring","city":"Rosemount","state":"MN","zip_code":"20696","operation":"UPDATE","timestamp":1641523574,"customer_id":23260},{"name":"Christopher Holloway","email":"susanrichardson@example.com","address":"9151 Danielle Turnpike Apt. 881","city":"Bozeman","state":"MT","zip_code":"69256","operation":"UPDATE","timestamp":1641563645,"customer_id":22365},{"name":"Ashley Fleming","email":"ryan75@example.net","address":"700 Holly Roads","city":"New York","state":"NY","zip_code":"02935","operation":"UPDATE","timestamp":1641532732,"customer_id":22614},{"name":null,"email":null,"address":null,"city":null,"state":null,"zip_code":null,"operation":"DELETE","timestamp":1641571786,"customer_id":23468}]