[{"name":"Robert Curry","email":"lisa05@example.org","address":"5207 Edwards Street","city":"Manchester","state":"TN","zip_code":"15782","operation":"NEW","timestamp":1641924248,"customer_id":24088},{"name":"Ricky Moore","email":"curtissusan@example.org","address":"89174 Tammy Vista Suite 720","city":"New Brunswick","state":"NJ","zip_code":"01428","operation":"NEW","timestamp":1641882413,"customer_id":24089},{"name":"Andrew Newman PhD","email":"nhill@example.net","address":"16617 Ellis Spurs","city":"Peabody","state":"MA","zip_code":"07367","operation":"NEW","timestamp":1641916977,"customer_id":24090},{"name":"Corey Cruz","email":"jillian80@example.com","address":"93430 William Landing","city":"Grinnell","state":"IA","zip_code":"09058","operation":"NEW","timestamp":1641919650,"customer_id":24091},{"name":"Brittany Cruz","email":"marquezdavid@example.net","address":"3497 Andrew Prairie Apt. 744","city":"Olathe","state":"KS","zip_code":"36044","operation":"NEW","timestamp":1641939436,"customer_id":24092},{"name":"Laura Fleming","email":"bushjustin@example.org","address":"084 Teresa Hollow Suite 103","city":"Rockford","state":"IL","zip_code":"72933","operation":"NEW","timestamp":1641919813,"customer_id":24093},{"name":"Tracy Clark","email":"carolgomez@example.org","address":"98387 Gonzalez Parkways","city":"Springfield","state":"MA","zip_code":"02191","operation":"NEW","timestamp":1641863988,"customer_id":24094},{"name":"Terry Kim","email":"ashleynorris@example.org","address":"79010 David Ways Suite 102","city":"Layton","state":"UT","zip_code":"65784","operation":"NEW","timestamp":1641920991,"customer_id":24095},{"name":"Jonathan Gill","email":"shawnjenkins@example.com","address":"32963 Caroline Dale","city":"Baltimore","state":"MD","zip_code":"04247","operation":"NEW","timestamp":1641862635,"customer_id":24096},{"name":"Chris Thompson","email":"joe77@example.org","address":"93037 Travis Freeway Apt. 774","city":"Dallas","state":"TX","zip_code":"06407","operation":"NEW","timestamp":1641916850,"customer_id":24097},{"name":"Timothy Curtis","email":"williamcarroll@example.net","address":"164 Amy Hollow","city":"Roseville","state":"MN","zip_code":"78614","operation":"NEW","timestamp":1641906871,"customer_id":24098},{"name":"Alexander Fritz","email":"deanmary@example.org","address":"6796 Angela Well Suite 291","city":"San Diego","state":"CA","zip_code":"65752","operation":"NEW","timestamp":1641926618,"customer_id":24099},{"name":"Dr. Joshua Wade PhD","email":"popenicholas@example.org","address":"53511 Burch Shoal Suite 149","city":"Big Spring","state":"TX","zip_code":"12877","operation":"UPDATE","timestamp":1641889695,"customer_id":22703},{"name":"Joseph Miller","email":"ddawson@example.com","address":"10545 Lowe Ville","city":"Norwich","state":"CT","zip_code":"25316","operation":"UPDATE","timestamp":1641899857,"customer_id":23585},{"name":"Lauren Deleon","email":"shelia32@example.org","address":"0854 Harris Terrace Suite 681","city":"Carmel","state":"IN","zip_code":"90344","operation":"UPDATE","timestamp":1641883675,"customer_id":23089},{"name":"Kristine Reynolds","email":"amberscott@example.org","address":"049 Page Brooks Suite 074","city":"Long Branch","state":"NJ","zip_code":"36887","operation":"UPDATE","timestamp":1641929821,"customer_id":23502},{"name":"Kimberly Ross","email":"bennettmatthew@example.net","address":"38176 Marcus Lodge Apt. 248","city":"San Diego","state":"CA","zip_code":"59302","operation":"UPDATE","timestamp":1641937275,"customer_id":23592},{"name":null,"email":null,"address":null,"city":null,"state":null,"zip_code":null,"operation":"DELETE","timestamp":1641869036,"customer_id":22661}]