[{"name":"Elizabeth Taylor","email":"griffinshelly@example.net","address":"934 Terri Oval Suite 888","city":"San Diego","state":"CA","zip_code":"09750","operation":"NEW","timestamp":1643043897,"customer_id":24215},{"name":"Mrs. Misty Rice DDS","email":"padams@example.com","address":"459 Jackson Turnpike Suite 786","city":"New York","state":"NY","zip_code":"06969","operation":"NEW","timestamp":1643019833,"customer_id":24216},{"name":"Christopher Porter","email":"deborah89@example.org","address":"380 Travis Junctions Suite 048","city":"Las Vegas","state":"NV","zip_code":"09818","operation":"NEW","timestamp":1642996823,"customer_id":24217},{"name":"Brian Gutierrez","email":"afisher@example.org","address":"969 Emily Springs","city":"Chesapeake","state":"VA","zip_code":"53864","operation":"NEW","timestamp":1642998693,"customer_id":24218},{"name":"John Williams","email":"william78@example.org","address":"1294 Casey Streets","city":"Melrose","state":"MA","zip_code":"97773","operation":"NEW","timestamp":1643051409,"customer_id":24219},{"name":"Teresa Carter","email":"williamsaaron@example.com","address":"121 Wood Fields","city":"Montebello","state":"CA","zip_code":"03817","operation":"NEW","timestamp":1643047493,"customer_id":24220},{"name":"Danny Wells","email":"justin14@example.com","address":"9092 Hayden Corner Apt. 829","city":"Clemson","state":"SC","zip_code":"85242","operation":"NEW","timestamp":1643010546,"customer_id":24221},{"name":"Darrell Williams","email":"hthompson@example.com","address":"7728 Alexis Avenue","city":"Hammond","state":"IN","zip_code":"70658","operation":"NEW","timestamp":1643016366,"customer_id":24222},{"name":"Lacey Ramirez","email":"allisonfriedman@example.com","address":"562 Deanna Parkway","city":"Jersey City","state":"NJ","zip_code":"02645","operation":"NEW","timestamp":1643057213,"customer_id":24223},{"name":"Richard Costa","email":"susanmitchell@example.org","address":"16432 Cunningham Street","city":"Boston","state":"MA","zip_code":"97648","operation":"NEW","timestamp":1643041835,"customer_id":24224},{"name":"Mark Allison","email":"farmerkevin@example.net","address":"42884 Poole Dale Suite 481","city":"Hobbs","state":"NM","zip_code":"06188","operation":"NEW","timestamp":1642983199,"customer_id":24225},{"name":"Eric Campbell","email":"qbush@example.net","address":"900 Willie Mews Suite 791","city":"Clarksville","state":"TN","zip_code":"12052","operation":"UPDATE","timestamp":1642997246,"customer_id":23195},{"name":"Michael York","email":"taylorbenjamin@example.com","address":"2736 Gina Underpass","city":"Bullhead City","state":"AZ","zip_code":"69768","operation":"UPDATE","timestamp":1643039457,"customer_id":23277},{"name":"Cynthia White","email":"angela99@example.net","address":"33365 Christopher Summit","city":"Los Angeles","state":"CA","zip_code":"57915","operation":"UPDATE","timestamp":1643061656,"customer_id":23115},{"name":null,"email":null,"address":null,"city":null,"state":null,"zip_code":null,"operation":"DELETE","timestamp":1643003698,"customer_id":23162},{"name":null,"email":null,"address":null,"city":null,"state":null,"zip_code":null,"operation":"DELETE","timestamp":1643020269,"customer_id":22877}]