[{"customer_id":22836,"order_timestamp":1641686484,"notifications":"Y","order_id":75493},{"customer_id":23337,"order_timestamp":1641686884,"notifications":"N","order_id":75494},{"customer_id":23214,"order_timestamp":1641688304,"notifications":"N","order_id":75495},{"customer_id":23466,"order_timestamp":1641688637,"notifications":"Y","order_id":75496},{"customer_id":23343,"order_timestamp":1641690477,"notifications":"Y","order_id":75497},{"customer_id":24019,"order_timestamp":1641694040,"notifications":"N","order_id":75498},{"customer_id":23325,"order_timestamp":1641697255,"notifications":"N","order_id":75499},{"customer_id":22380,"order_timestamp":1641698073,"notifications":"Y","order_id":75500},{"customer_id":23675,"order_timestamp":1641699476,"notifications":"Y","order_id":75501},{"customer_id":23538,"order_timestamp":1641700601,"notifications":"Y","order_id":75502},{"customer_id":22590,"order_timestamp":1641701941,"notifications":"Y","order_id":75503},{"customer_id":23656,"order_timestamp":1641703410,"notifications":"Y","order_id":75504},{"customer_id":23836,"order_timestamp":1641716285,"notifications":"Y","order_id":75505},{"customer_id":23366,"order_timestamp":1641721286,"notifications":"Y","order_id":75506},{"customer_id":23771,"order_timestamp":1641721829,"notifications":"N","order_id":75507},{"customer_id":23837,"order_timestamp":1641722435,"notifications":"N","order_id":75508},{"customer_id":23884,"order_timestamp":1641727220,"notifications":"Y","order_id":75509},{"customer_id":23258,"order_timestamp":1641735127,"notifications":"Y","order_id":75510},{"customer_id":22571,"order_timestamp":1641739820,"notifications":"Y","order_id":75511},{"customer_id":23706,"order_timestamp":1641740622,"notifications":"Y","order_id":75512},{"customer_id":24043,"order_timestamp":1641749152,"notifications":"N","order_id":75513},{"customer_id":22526,"order_timestamp":1641749785,"notifications":"Y","order_id":75514},{"customer_id":23922,"order_timestamp":1641755854,"notifications":"Y","order_id":75515},{"customer_id":23660,"order_timestamp":1641758672,"notifications":"Y","order_id":75516},{"customer_id":23227,"order_timestamp":1641760926,"notifications":"N","order_id":75517}]