[{"customer_id":23456,"order_timestamp":1643328787,"notifications":"N","order_id":75966},{"customer_id":23623,"order_timestamp":1643342595,"notifications":"Y","order_id":75967},{"customer_id":23728,"order_timestamp":1643343214,"notifications":"Y","order_id":75968},{"customer_id":23248,"order_timestamp":1643346628,"notifications":"N","order_id":75969},{"customer_id":23412,"order_timestamp":1643350904,"notifications":"N","order_id":75970},{"customer_id":23202,"order_timestamp":1643351930,"notifications":"Y","order_id":75971},{"customer_id":23767,"order_timestamp":1643352957,"notifications":"N","order_id":75972},{"customer_id":24175,"order_timestamp":1643355642,"notifications":"Y","order_id":75973},{"customer_id":23772,"order_timestamp":1643368333,"notifications":"Y","order_id":75974},{"customer_id":22568,"order_timestamp":1643368359,"notifications":"Y","order_id":75975},{"customer_id":23482,"order_timestamp":1643368618,"notifications":"N","order_id":75976},{"customer_id":23884,"order_timestamp":1643374884,"notifications":"Y","order_id":75977},{"customer_id":24025,"order_timestamp":1643382787,"notifications":"N","order_id":75978},{"customer_id":23497,"order_timestamp":1643384318,"notifications":"Y","order_id":75979},{"customer_id":24079,"order_timestamp":1643390097,"notifications":"Y","order_id":75980},{"customer_id":23969,"order_timestamp":1643390948,"notifications":"Y","order_id":75981},{"customer_id":23676,"order_timestamp":1643391434,"notifications":"Y","order_id":75982},{"customer_id":23548,"order_timestamp":1643394513,"notifications":"N","order_id":75983},{"customer_id":23941,"order_timestamp":1643394681,"notifications":"Y","order_id":75984},{"customer_id":22922,"order_timestamp":1643395729,"notifications":"Y","order_id":75985},{"customer_id":23780,"order_timestamp":1643398998,"notifications":"Y","order_id":75986},{"customer_id":23875,"order_timestamp":1643402887,"notifications":"N","order_id":75987},{"customer_id":23374,"order_timestamp":1643404156,"notifications":"Y","order_id":75988},{"customer_id":23830,"order_timestamp":1643407868,"notifications":"Y","order_id":75989},{"customer_id":23977,"order_timestamp":1643408506,"notifications":"Y","order_id":75990}]