[{"order_id":75347,"status_timestamp":1641168397,"order_status":"placed"},{"order_id":75348,"status_timestamp":1641170716,"order_status":"placed"},{"order_id":75349,"status_timestamp":1641185553,"order_status":"placed"},{"order_id":75350,"status_timestamp":1641186582,"order_status":"placed"},{"order_id":75351,"status_timestamp":1641190101,"order_status":"placed"},{"order_id":75352,"status_timestamp":1641210365,"order_status":"placed"},{"order_id":75353,"status_timestamp":1641212029,"order_status":"placed"},{"order_id":75354,"status_timestamp":1641216144,"order_status":"placed"},{"order_id":75355,"status_timestamp":1641216540,"order_status":"placed"},{"order_id":75356,"status_timestamp":1641216746,"order_status":"placed"},{"order_id":75357,"status_timestamp":1641218987,"order_status":"placed"},{"order_id":75358,"status_timestamp":1641219198,"order_status":"placed"},{"order_id":75359,"status_timestamp":1641219395,"order_status":"placed"},{"order_id":75360,"status_timestamp":1641223416,"order_status":"placed"},{"order_id":75361,"status_timestamp":1641229961,"order_status":"placed"},{"order_id":75362,"status_timestamp":1641229993,"order_status":"placed"},{"order_id":75363,"status_timestamp":1641230678,"order_status":"placed"},{"order_id":75364,"status_timestamp":1641237150,"order_status":"placed"},{"order_id":75365,"status_timestamp":1641237312,"order_status":"placed"},{"order_id":75366,"status_timestamp":1641243069,"order_status":"placed"},{"order_id":75367,"status_timestamp":1641247346,"order_status":"placed"},{"order_id":75368,"status_timestamp":1641248522,"order_status":"placed"},{"order_id":75369,"status_timestamp":1641250309,"order_status":"placed"},{"order_id":75238,"status_timestamp":1641175626,"order_status":"delivered"},{"order_id":75243,"status_timestamp":1641180359,"order_status":"return processed"},{"order_id":75247,"status_timestamp":1641231609,"order_status":"delivered"},{"order_id":75249,"status_timestamp":1641247014,"order_status":"canceled"},{"order_id":75252,"status_timestamp":1641236052,"order_status":"return requested"},{"order_id":75253,"status_timestamp":1641245333,"order_status":"preparing"},{"order_id":75255,"status_timestamp":1641171304,"order_status":"canceled"},{"order_id":75261,"status_timestamp":1641247284,"order_status":"preparing"},{"order_id":75262,"status_timestamp":1641195363,"order_status":"preparing"},{"order_id":75264,"status_timestamp":1641195576,"order_status":"delivered"},{"order_id":75267,"status_timestamp":1641214931,"order_status":"preparing"},{"order_id":75268,"status_timestamp":1641219201,"order_status":"preparing"},{"order_id":75268,"status_timestamp":1641195871,"order_status":"delivered"},{"order_id":75271,"status_timestamp":1641237636,"order_status":"on the way"},{"order_id":75272,"status_timestamp":1641225370,"order_status":"preparing"},{"order_id":75272,"status_timestamp":1641177717,"order_status":"on the way"},{"order_id":75276,"status_timestamp":1641177612,"order_status":"on the way"},{"order_id":75276,"status_timestamp":1641232256,"order_status":"return requested"},{"order_id":75278,"status_timestamp":1641172119,"order_status":"preparing"},{"order_id":75280,"status_timestamp":1641240887,"order_status":"preparing"},{"order_id":75280,"status_timestamp":1641221079,"order_status":"on the way"},{"order_id":75281,"status_timestamp":1641171495,"order_status":"delivered"},{"order_id":75282,"status_timestamp":1641207713,"order_status":"on the way"},{"order_id":75283,"status_timestamp":1641203542,"order_status":"on the way"},{"order_id":75284,"status_timestamp":1641224169,"order_status":"on the way"},{"order_id":75286,"status_timestamp":1641168639,"order_status":"on the way"},{"order_id":75291,"status_timestamp":1641206683,"order_status":"preparing"},{"order_id":75291,"status_timestamp":1641203437,"order_status":"on the way"},{"order_id":75291,"status_timestamp":1641237393,"order_status":"delivered"},{"order_id":75293,"status_timestamp":1641253853,"order_status":"on the way"},{"order_id":75294,"status_timestamp":1641180889,"order_status":"preparing"},{"order_id":75294,"status_timestamp":1641213637,"order_status":"on the way"},{"order_id":75294,"status_timestamp":1641230936,"order_status":"return requested"},{"order_id":75296,"status_timestamp":1641219588,"order_status":"preparing"},{"order_id":75296,"status_timestamp":1641207496,"order_status":"on the way"},{"order_id":75296,"status_timestamp":1641192279,"order_status":"return picked up"},{"order_id":75297,"status_timestamp":1641245634,"order_status":"on the way"},{"order_id":75297,"status_timestamp":1641201204,"order_status":"return picked up"},{"order_id":75297,"status_timestamp":1641183692,"order_status":"return processed"},{"order_id":75298,"status_timestamp":1641174155,"order_status":"preparing"},{"order_id":75298,"status_timestamp":1641179321,"order_status":"on the way"},{"order_id":75299,"status_timestamp":1641232899,"order_status":"preparing"},{"order_id":75299,"status_timestamp":1641237418,"order_status":"delivered"},{"order_id":75300,"status_timestamp":1641187808,"order_status":"preparing"},{"order_id":75301,"status_timestamp":1641189451,"order_status":"on the way"},{"order_id":75302,"status_timestamp":1641221089,"order_status":"on the way"},{"order_id":75304,"status_timestamp":1641201395,"order_status":"delivered"},{"order_id":75304,"status_timestamp":1641195571,"order_status":"return requested"},{"order_id":75304,"status_timestamp":1641253235,"order_status":"return picked up"},{"order_id":75305,"status_timestamp":1641232362,"order_status":"on the way"},{"order_id":75306,"status_timestamp":1641209583,"order_status":"on the way"},{"order_id":75307,"status_timestamp":1641199757,"order_status":"on the way"},{"order_id":75308,"status_timestamp":1641187571,"order_status":"delivered"},{"order_id":75309,"status_timestamp":1641209065,"order_status":"preparing"},{"order_id":75309,"status_timestamp":1641241747,"order_status":"on the way"},{"order_id":75309,"status_timestamp":1641176973,"order_status":"delivered"},{"order_id":75311,"status_timestamp":1641250111,"order_status":"on the way"},{"order_id":75314,"status_timestamp":1641192356,"order_status":"on the way"},{"order_id":75314,"status_timestamp":1641181575,"order_status":"delivered"},{"order_id":75316,"status_timestamp":1641208279,"order_status":"on the way"},{"order_id":75317,"status_timestamp":1641238936,"order_status":"preparing"},{"order_id":75318,"status_timestamp":1641243209,"order_status":"canceled"},{"order_id":75320,"status_timestamp":1641227009,"order_status":"preparing"},{"order_id":75320,"status_timestamp":1641213298,"order_status":"on the way"},{"order_id":75320,"status_timestamp":1641181357,"order_status":"delivered"},{"order_id":75322,"status_timestamp":1641182406,"order_status":"canceled"},{"order_id":75323,"status_timestamp":1641231977,"order_status":"reported shipping error"},{"order_id":75325,"status_timestamp":1641183721,"order_status":"preparing"},{"order_id":75325,"status_timestamp":1641225367,"order_status":"delivered"},{"order_id":75326,"status_timestamp":1641222842,"order_status":"preparing"},{"order_id":75327,"status_timestamp":1641250809,"order_status":"on the way"},{"order_id":75327,"status_timestamp":1641230216,"order_status":"delivered"},{"order_id":75328,"status_timestamp":1641244608,"order_status":"on the way"},{"order_id":75328,"status_timestamp":1641197842,"order_status":"delivered"},{"order_id":75329,"status_timestamp":1641232846,"order_status":"preparing"},{"order_id":75329,"status_timestamp":1641214496,"order_status":"on the way"},{"order_id":75331,"status_timestamp":1641219290,"order_status":"delivered"},{"order_id":75336,"status_timestamp":1641248473,"order_status":"return requested"}]