[{"order_id":75646,"status_timestamp":1642206837,"order_status":"placed"},{"order_id":75647,"status_timestamp":1642208137,"order_status":"placed"},{"order_id":75648,"status_timestamp":1642213775,"order_status":"placed"},{"order_id":75649,"status_timestamp":1642214248,"order_status":"placed"},{"order_id":75650,"status_timestamp":1642215304,"order_status":"placed"},{"order_id":75651,"status_timestamp":1642217779,"order_status":"placed"},{"order_id":75652,"status_timestamp":1642219008,"order_status":"placed"},{"order_id":75653,"status_timestamp":1642225279,"order_status":"placed"},{"order_id":75654,"status_timestamp":1642226161,"order_status":"placed"},{"order_id":75655,"status_timestamp":1642233711,"order_status":"placed"},{"order_id":75656,"status_timestamp":1642234342,"order_status":"placed"},{"order_id":75657,"status_timestamp":1642238370,"order_status":"placed"},{"order_id":75658,"status_timestamp":1642239466,"order_status":"placed"},{"order_id":75659,"status_timestamp":1642239621,"order_status":"placed"},{"order_id":75660,"status_timestamp":1642241145,"order_status":"placed"},{"order_id":75661,"status_timestamp":1642242725,"order_status":"placed"},{"order_id":75662,"status_timestamp":1642243674,"order_status":"placed"},{"order_id":75663,"status_timestamp":1642246229,"order_status":"placed"},{"order_id":75664,"status_timestamp":1642259009,"order_status":"placed"},{"order_id":75665,"status_timestamp":1642259300,"order_status":"placed"},{"order_id":75666,"status_timestamp":1642262772,"order_status":"placed"},{"order_id":75667,"status_timestamp":1642270007,"order_status":"placed"},{"order_id":75668,"status_timestamp":1642273683,"order_status":"placed"},{"order_id":75669,"status_timestamp":1642277465,"order_status":"placed"},{"order_id":75670,"status_timestamp":1642281369,"order_status":"placed"},{"order_id":75671,"status_timestamp":1642283450,"order_status":"placed"},{"order_id":75516,"status_timestamp":1642233252,"order_status":"on the way"},{"order_id":75523,"status_timestamp":1642288207,"order_status":"delivered"},{"order_id":75528,"status_timestamp":1642290358,"order_status":"preparing"},{"order_id":75530,"status_timestamp":1642246504,"order_status":"on the way"},{"order_id":75530,"status_timestamp":1642226532,"order_status":"delivered"},{"order_id":75534,"status_timestamp":1642246875,"order_status":"delivered"},{"order_id":75536,"status_timestamp":1642263191,"order_status":"preparing"},{"order_id":75540,"status_timestamp":1642235159,"order_status":"delivered"},{"order_id":75541,"status_timestamp":1642288740,"order_status":"on the way"},{"order_id":75542,"status_timestamp":1642249679,"order_status":"return processed"},{"order_id":75557,"status_timestamp":1642208112,"order_status":"preparing"},{"order_id":75559,"status_timestamp":1642229932,"order_status":"preparing"},{"order_id":75559,"status_timestamp":1642227608,"order_status":"delivered"},{"order_id":75564,"status_timestamp":1642234528,"order_status":"return processed"},{"order_id":75567,"status_timestamp":1642219579,"order_status":"preparing"},{"order_id":75569,"status_timestamp":1642241815,"order_status":"preparing"},{"order_id":75569,"status_timestamp":1642260578,"order_status":"on the way"},{"order_id":75569,"status_timestamp":1642231811,"order_status":"return processed"},{"order_id":75570,"status_timestamp":1642210578,"order_status":"preparing"},{"order_id":75571,"status_timestamp":1642230654,"order_status":"preparing"},{"order_id":75573,"status_timestamp":1642237557,"order_status":"delivered"},{"order_id":75575,"status_timestamp":1642259475,"order_status":"preparing"},{"order_id":75575,"status_timestamp":1642209835,"order_status":"delivered"},{"order_id":75577,"status_timestamp":1642251486,"order_status":"delivered"},{"order_id":75578,"status_timestamp":1642273492,"order_status":"preparing"},{"order_id":75578,"status_timestamp":1642213261,"order_status":"on the way"},{"order_id":75578,"status_timestamp":1642246721,"order_status":"delivered"},{"order_id":75579,"status_timestamp":1642212211,"order_status":"on the way"},{"order_id":75580,"status_timestamp":1642227055,"order_status":"on the way"},{"order_id":75582,"status_timestamp":1642280258,"order_status":"on the way"},{"order_id":75582,"status_timestamp":1642207738,"order_status":"delivered"},{"order_id":75584,"status_timestamp":1642205371,"order_status":"delivered"},{"order_id":75584,"status_timestamp":1642227254,"order_status":"return canceled"},{"order_id":75586,"status_timestamp":1642233650,"order_status":"on the way"},{"order_id":75589,"status_timestamp":1642236182,"order_status":"canceled"},{"order_id":75590,"status_timestamp":1642229165,"order_status":"preparing"},{"order_id":75590,"status_timestamp":1642267277,"order_status":"on the way"},{"order_id":75590,"status_timestamp":1642247901,"order_status":"delivered"},{"order_id":75591,"status_timestamp":1642218393,"order_status":"delivered"},{"order_id":75592,"status_timestamp":1642264955,"order_status":"preparing"},{"order_id":75592,"status_timestamp":1642205140,"order_status":"delivered"},{"order_id":75593,"status_timestamp":1642256711,"order_status":"preparing"},{"order_id":75593,"status_timestamp":1642250597,"order_status":"on the way"},{"order_id":75593,"status_timestamp":1642270381,"order_status":"delivered"},{"order_id":75595,"status_timestamp":1642268179,"order_status":"delivered"},{"order_id":75596,"status_timestamp":1642268332,"order_status":"preparing"},{"order_id":75596,"status_timestamp":1642212918,"order_status":"delivered"},{"order_id":75597,"status_timestamp":1642256075,"order_status":"preparing"},{"order_id":75598,"status_timestamp":1642256771,"order_status":"preparing"},{"order_id":75598,"status_timestamp":1642204929,"order_status":"delivered"},{"order_id":75599,"status_timestamp":1642245355,"order_status":"preparing"},{"order_id":75599,"status_timestamp":1642226502,"order_status":"delivered"},{"order_id":75600,"status_timestamp":1642274871,"order_status":"on the way"},{"order_id":75601,"status_timestamp":1642274440,"order_status":"preparing"},{"order_id":75601,"status_timestamp":1642221664,"order_status":"delivered"},{"order_id":75601,"status_timestamp":1642286920,"order_status":"return picked up"},{"order_id":75602,"status_timestamp":1642241205,"order_status":"preparing"},{"order_id":75602,"status_timestamp":1642278397,"order_status":"on the way"},{"order_id":75603,"status_timestamp":1642219091,"order_status":"on the way"},{"order_id":75603,"status_timestamp":1642279075,"order_status":"delivered"},{"order_id":75603,"status_timestamp":1642272939,"order_status":"return processed"},{"order_id":75604,"status_timestamp":1642267232,"order_status":"on the way"},{"order_id":75605,"status_timestamp":1642281315,"order_status":"canceled"},{"order_id":75606,"status_timestamp":1642229433,"order_status":"on the way"},{"order_id":75607,"status_timestamp":1642223048,"order_status":"preparing"},{"order_id":75607,"status_timestamp":1642261856,"order_status":"canceled"},{"order_id":75609,"status_timestamp":1642272780,"order_status":"return requested"},{"order_id":75609,"status_timestamp":1642217896,"order_status":"return picked up"},{"order_id":75609,"status_timestamp":1642283956,"order_status":"return processed"},{"order_id":75610,"status_timestamp":1642237445,"order_status":"canceled"},{"order_id":75611,"status_timestamp":1642289785,"order_status":"delivered"},{"order_id":75612,"status_timestamp":1642225457,"order_status":"delivered"},{"order_id":75613,"status_timestamp":1642274919,"order_status":"preparing"},{"order_id":75613,"status_timestamp":1642216889,"order_status":"on the way"},{"order_id":75614,"status_timestamp":1642238520,"order_status":"on the way"},{"order_id":75614,"status_timestamp":1642225856,"order_status":"delivered"},{"order_id":75616,"status_timestamp":1642256388,"order_status":"preparing"},{"order_id":75616,"status_timestamp":1642250920,"order_status":"on the way"},{"order_id":75617,"status_timestamp":1642286731,"order_status":"on the way"},{"order_id":75618,"status_timestamp":1642279029,"order_status":"return picked up"},{"order_id":75618,"status_timestamp":1642216526,"order_status":"return processed"},{"order_id":75619,"status_timestamp":1642239561,"order_status":"preparing"},{"order_id":75619,"status_timestamp":1642289528,"order_status":"on the way"},{"order_id":75620,"status_timestamp":1642258325,"order_status":"delivered"},{"order_id":75621,"status_timestamp":1642230263,"order_status":"on the way"},{"order_id":75622,"status_timestamp":1642289402,"order_status":"preparing"},{"order_id":75622,"status_timestamp":1642285141,"order_status":"delivered"},{"order_id":75623,"status_timestamp":1642271124,"order_status":"on the way"},{"order_id":75624,"status_timestamp":1642249680,"order_status":"return requested"},{"order_id":75624,"status_timestamp":1642285033,"order_status":"return picked up"},{"order_id":75625,"status_timestamp":1642264734,"order_status":"preparing"},{"order_id":75627,"status_timestamp":1642230845,"order_status":"preparing"},{"order_id":75627,"status_timestamp":1642239289,"order_status":"delivered"},{"order_id":75629,"status_timestamp":1642268849,"order_status":"preparing"},{"order_id":75629,"status_timestamp":1642286361,"order_status":"on the way"},{"order_id":75633,"status_timestamp":1642252919,"order_status":"preparing"},{"order_id":75635,"status_timestamp":1642280696,"order_status":"on the way"},{"order_id":75635,"status_timestamp":1642263301,"order_status":"delivered"},{"order_id":75642,"status_timestamp":1642273023,"order_status":"preparing"}]