[{"order_id":75697,"status_timestamp":1642381222,"order_status":"placed"},{"order_id":75698,"status_timestamp":1642381384,"order_status":"placed"},{"order_id":75699,"status_timestamp":1642383435,"order_status":"placed"},{"order_id":75700,"status_timestamp":1642385671,"order_status":"placed"},{"order_id":75701,"status_timestamp":1642389097,"order_status":"placed"},{"order_id":75702,"status_timestamp":1642391801,"order_status":"placed"},{"order_id":75703,"status_timestamp":1642398336,"order_status":"placed"},{"order_id":75704,"status_timestamp":1642398736,"order_status":"placed"},{"order_id":75705,"status_timestamp":1642399120,"order_status":"placed"},{"order_id":75706,"status_timestamp":1642400802,"order_status":"placed"},{"order_id":75707,"status_timestamp":1642401122,"order_status":"placed"},{"order_id":75708,"status_timestamp":1642406972,"order_status":"placed"},{"order_id":75709,"status_timestamp":1642410667,"order_status":"placed"},{"order_id":75710,"status_timestamp":1642411823,"order_status":"placed"},{"order_id":75711,"status_timestamp":1642435389,"order_status":"placed"},{"order_id":75712,"status_timestamp":1642435390,"order_status":"placed"},{"order_id":75713,"status_timestamp":1642440139,"order_status":"placed"},{"order_id":75714,"status_timestamp":1642440996,"order_status":"placed"},{"order_id":75715,"status_timestamp":1642445158,"order_status":"placed"},{"order_id":75716,"status_timestamp":1642445583,"order_status":"placed"},{"order_id":75717,"status_timestamp":1642445835,"order_status":"placed"},{"order_id":75718,"status_timestamp":1642448257,"order_status":"placed"},{"order_id":75719,"status_timestamp":1642449783,"order_status":"placed"},{"order_id":75720,"status_timestamp":1642449864,"order_status":"placed"},{"order_id":75721,"status_timestamp":1642450484,"order_status":"placed"},{"order_id":75722,"status_timestamp":1642457462,"order_status":"placed"},{"order_id":75547,"status_timestamp":1642384536,"order_status":"preparing"},{"order_id":75584,"status_timestamp":1642387873,"order_status":"preparing"},{"order_id":75600,"status_timestamp":1642380287,"order_status":"delivered"},{"order_id":75604,"status_timestamp":1642388434,"order_status":"delivered"},{"order_id":75606,"status_timestamp":1642390142,"order_status":"delivered"},{"order_id":75606,"status_timestamp":1642425151,"order_status":"return picked up"},{"order_id":75608,"status_timestamp":1642397001,"order_status":"canceled"},{"order_id":75609,"status_timestamp":1642405855,"order_status":"preparing"},{"order_id":75609,"status_timestamp":1642421629,"order_status":"delivered"},{"order_id":75611,"status_timestamp":1642416142,"order_status":"preparing"},{"order_id":75615,"status_timestamp":1642414423,"order_status":"preparing"},{"order_id":75615,"status_timestamp":1642386434,"order_status":"delivered"},{"order_id":75621,"status_timestamp":1642392344,"order_status":"delivered"},{"order_id":75623,"status_timestamp":1642462100,"order_status":"preparing"},{"order_id":75625,"status_timestamp":1642432018,"order_status":"on the way"},{"order_id":75625,"status_timestamp":1642422169,"order_status":"delivered"},{"order_id":75629,"status_timestamp":1642430024,"order_status":"return requested"},{"order_id":75631,"status_timestamp":1642394715,"order_status":"delivered"},{"order_id":75632,"status_timestamp":1642427463,"order_status":"delivered"},{"order_id":75632,"status_timestamp":1642436155,"order_status":"return requested"},{"order_id":75633,"status_timestamp":1642414811,"order_status":"on the way"},{"order_id":75636,"status_timestamp":1642409117,"order_status":"preparing"},{"order_id":75636,"status_timestamp":1642397047,"order_status":"delivered"},{"order_id":75636,"status_timestamp":1642398698,"order_status":"return processed"},{"order_id":75637,"status_timestamp":1642432183,"order_status":"preparing"},{"order_id":75638,"status_timestamp":1642409552,"order_status":"canceled"},{"order_id":75639,"status_timestamp":1642395890,"order_status":"canceled"},{"order_id":75640,"status_timestamp":1642462829,"order_status":"preparing"},{"order_id":75640,"status_timestamp":1642408642,"order_status":"on the way"},{"order_id":75641,"status_timestamp":1642433253,"order_status":"preparing"},{"order_id":75641,"status_timestamp":1642463076,"order_status":"delivered"},{"order_id":75642,"status_timestamp":1642463927,"order_status":"on the way"},{"order_id":75644,"status_timestamp":1642378566,"order_status":"preparing"},{"order_id":75644,"status_timestamp":1642386369,"order_status":"on the way"},{"order_id":75646,"status_timestamp":1642421203,"order_status":"preparing"},{"order_id":75646,"status_timestamp":1642452029,"order_status":"canceled"},{"order_id":75647,"status_timestamp":1642417428,"order_status":"on the way"},{"order_id":75647,"status_timestamp":1642412848,"order_status":"delivered"},{"order_id":75648,"status_timestamp":1642410074,"order_status":"preparing"},{"order_id":75648,"status_timestamp":1642379013,"order_status":"on the way"},{"order_id":75648,"status_timestamp":1642402298,"order_status":"delivered"},{"order_id":75651,"status_timestamp":1642392464,"order_status":"preparing"},{"order_id":75651,"status_timestamp":1642423163,"order_status":"on the way"},{"order_id":75651,"status_timestamp":1642396539,"order_status":"delivered"},{"order_id":75652,"status_timestamp":1642419440,"order_status":"reported shipping error"},{"order_id":75653,"status_timestamp":1642422545,"order_status":"on the way"},{"order_id":75656,"status_timestamp":1642409058,"order_status":"on the way"},{"order_id":75656,"status_timestamp":1642444994,"order_status":"delivered"},{"order_id":75657,"status_timestamp":1642458716,"order_status":"preparing"},{"order_id":75658,"status_timestamp":1642427058,"order_status":"on the way"},{"order_id":75658,"status_timestamp":1642441336,"order_status":"delivered"},{"order_id":75659,"status_timestamp":1642461977,"order_status":"preparing"},{"order_id":75660,"status_timestamp":1642432947,"order_status":"delivered"},{"order_id":75661,"status_timestamp":1642429425,"order_status":"preparing"},{"order_id":75662,"status_timestamp":1642417555,"order_status":"preparing"},{"order_id":75662,"status_timestamp":1642421310,"order_status":"delivered"},{"order_id":75663,"status_timestamp":1642404126,"order_status":"preparing"},{"order_id":75663,"status_timestamp":1642389749,"order_status":"on the way"},{"order_id":75663,"status_timestamp":1642431309,"order_status":"delivered"},{"order_id":75664,"status_timestamp":1642382053,"order_status":"preparing"},{"order_id":75664,"status_timestamp":1642403903,"order_status":"on the way"},{"order_id":75664,"status_timestamp":1642443512,"order_status":"delivered"},{"order_id":75665,"status_timestamp":1642447331,"order_status":"on the way"},{"order_id":75665,"status_timestamp":1642408323,"order_status":"delivered"},{"order_id":75665,"status_timestamp":1642436645,"order_status":"return processed"},{"order_id":75669,"status_timestamp":1642458710,"order_status":"reported shipping error"},{"order_id":75670,"status_timestamp":1642422742,"order_status":"on the way"},{"order_id":75671,"status_timestamp":1642421548,"order_status":"on the way"},{"order_id":75671,"status_timestamp":1642434382,"order_status":"delivered"},{"order_id":75672,"status_timestamp":1642400945,"order_status":"preparing"},{"order_id":75672,"status_timestamp":1642386937,"order_status":"delivered"},{"order_id":75673,"status_timestamp":1642460369,"order_status":"on the way"},{"order_id":75674,"status_timestamp":1642449351,"order_status":"on the way"},{"order_id":75675,"status_timestamp":1642422153,"order_status":"on the way"},{"order_id":75675,"status_timestamp":1642396440,"order_status":"delivered"},{"order_id":75676,"status_timestamp":1642445198,"order_status":"preparing"},{"order_id":75676,"status_timestamp":1642428644,"order_status":"on the way"},{"order_id":75677,"status_timestamp":1642429908,"order_status":"delivered"},{"order_id":75678,"status_timestamp":1642458627,"order_status":"preparing"},{"order_id":75679,"status_timestamp":1642438948,"order_status":"delivered"},{"order_id":75682,"status_timestamp":1642460271,"order_status":"preparing"},{"order_id":75684,"status_timestamp":1642427962,"order_status":"preparing"},{"order_id":75684,"status_timestamp":1642439595,"order_status":"reported shipping error"},{"order_id":75685,"status_timestamp":1642454170,"order_status":"preparing"},{"order_id":75685,"status_timestamp":1642426015,"order_status":"delivered"},{"order_id":75692,"status_timestamp":1642459253,"order_status":"on the way"},{"order_id":75692,"status_timestamp":1642463284,"order_status":"delivered"},{"order_id":75696,"status_timestamp":1642461306,"order_status":"on the way"}]