[{"order_id":75845,"status_timestamp":1642897657,"order_status":"placed"},{"order_id":75846,"status_timestamp":1642898605,"order_status":"placed"},{"order_id":75847,"status_timestamp":1642899416,"order_status":"placed"},{"order_id":75848,"status_timestamp":1642903452,"order_status":"placed"},{"order_id":75849,"status_timestamp":1642904095,"order_status":"placed"},{"order_id":75850,"status_timestamp":1642905563,"order_status":"placed"},{"order_id":75851,"status_timestamp":1642906142,"order_status":"placed"},{"order_id":75852,"status_timestamp":1642911574,"order_status":"placed"},{"order_id":75853,"status_timestamp":1642914001,"order_status":"placed"},{"order_id":75854,"status_timestamp":1642917389,"order_status":"placed"},{"order_id":75855,"status_timestamp":1642922123,"order_status":"placed"},{"order_id":75856,"status_timestamp":1642932279,"order_status":"placed"},{"order_id":75857,"status_timestamp":1642932942,"order_status":"placed"},{"order_id":75858,"status_timestamp":1642933878,"order_status":"placed"},{"order_id":75859,"status_timestamp":1642935156,"order_status":"placed"},{"order_id":75860,"status_timestamp":1642939449,"order_status":"placed"},{"order_id":75861,"status_timestamp":1642951793,"order_status":"placed"},{"order_id":75862,"status_timestamp":1642952147,"order_status":"placed"},{"order_id":75863,"status_timestamp":1642955238,"order_status":"placed"},{"order_id":75864,"status_timestamp":1642957839,"order_status":"placed"},{"order_id":75865,"status_timestamp":1642960877,"order_status":"placed"},{"order_id":75866,"status_timestamp":1642968133,"order_status":"placed"},{"order_id":75867,"status_timestamp":1642968233,"order_status":"placed"},{"order_id":75868,"status_timestamp":1642971712,"order_status":"placed"},{"order_id":75869,"status_timestamp":1642973105,"order_status":"placed"},{"order_id":75737,"status_timestamp":1642950377,"order_status":"on the way"},{"order_id":75741,"status_timestamp":1642927816,"order_status":"delivered"},{"order_id":75742,"status_timestamp":1642929634,"order_status":"on the way"},{"order_id":75756,"status_timestamp":1642934885,"order_status":"on the way"},{"order_id":75760,"status_timestamp":1642973887,"order_status":"on the way"},{"order_id":75762,"status_timestamp":1642937324,"order_status":"canceled"},{"order_id":75765,"status_timestamp":1642899656,"order_status":"preparing"},{"order_id":75769,"status_timestamp":1642967064,"order_status":"return requested"},{"order_id":75771,"status_timestamp":1642900024,"order_status":"preparing"},{"order_id":75771,"status_timestamp":1642953463,"order_status":"on the way"},{"order_id":75772,"status_timestamp":1642907610,"order_status":"preparing"},{"order_id":75774,"status_timestamp":1642947150,"order_status":"preparing"},{"order_id":75775,"status_timestamp":1642951611,"order_status":"preparing"},{"order_id":75776,"status_timestamp":1642968157,"order_status":"delivered"},{"order_id":75779,"status_timestamp":1642902780,"order_status":"delivered"},{"order_id":75780,"status_timestamp":1642928466,"order_status":"delivered"},{"order_id":75782,"status_timestamp":1642969588,"order_status":"preparing"},{"order_id":75782,"status_timestamp":1642945846,"order_status":"on the way"},{"order_id":75782,"status_timestamp":1642958202,"order_status":"return picked up"},{"order_id":75784,"status_timestamp":1642928259,"order_status":"on the way"},{"order_id":75784,"status_timestamp":1642897704,"order_status":"delivered"},{"order_id":75786,"status_timestamp":1642897897,"order_status":"preparing"},{"order_id":75786,"status_timestamp":1642933397,"order_status":"delivered"},{"order_id":75787,"status_timestamp":1642961861,"order_status":"on the way"},{"order_id":75787,"status_timestamp":1642932582,"order_status":"delivered"},{"order_id":75788,"status_timestamp":1642953871,"order_status":"on the way"},{"order_id":75789,"status_timestamp":1642914163,"order_status":"return picked up"},{"order_id":75791,"status_timestamp":1642960836,"order_status":"on the way"},{"order_id":75794,"status_timestamp":1642899389,"order_status":"on the way"},{"order_id":75794,"status_timestamp":1642931653,"order_status":"delivered"},{"order_id":75795,"status_timestamp":1642955932,"order_status":"on the way"},{"order_id":75796,"status_timestamp":1642955689,"order_status":"preparing"},{"order_id":75798,"status_timestamp":1642971271,"order_status":"on the way"},{"order_id":75799,"status_timestamp":1642916809,"order_status":"preparing"},{"order_id":75799,"status_timestamp":1642898080,"order_status":"on the way"},{"order_id":75799,"status_timestamp":1642911615,"order_status":"delivered"},{"order_id":75800,"status_timestamp":1642942784,"order_status":"on the way"},{"order_id":75800,"status_timestamp":1642924628,"order_status":"return processed"},{"order_id":75801,"status_timestamp":1642953559,"order_status":"delivered"},{"order_id":75802,"status_timestamp":1642953859,"order_status":"preparing"},{"order_id":75802,"status_timestamp":1642896730,"order_status":"on the way"},{"order_id":75802,"status_timestamp":1642924161,"order_status":"delivered"},{"order_id":75804,"status_timestamp":1642935814,"order_status":"delivered"},{"order_id":75806,"status_timestamp":1642946298,"order_status":"on the way"},{"order_id":75806,"status_timestamp":1642948046,"order_status":"return picked up"},{"order_id":75806,"status_timestamp":1642917825,"order_status":"return processed"},{"order_id":75808,"status_timestamp":1642961464,"order_status":"delivered"},{"order_id":75808,"status_timestamp":1642900239,"order_status":"return requested"},{"order_id":75810,"status_timestamp":1642908792,"order_status":"on the way"},{"order_id":75812,"status_timestamp":1642957019,"order_status":"preparing"},{"order_id":75813,"status_timestamp":1642981058,"order_status":"preparing"},{"order_id":75814,"status_timestamp":1642900243,"order_status":"preparing"},{"order_id":75814,"status_timestamp":1642943949,"order_status":"on the way"},{"order_id":75816,"status_timestamp":1642912227,"order_status":"on the way"},{"order_id":75816,"status_timestamp":1642959370,"order_status":"delivered"},{"order_id":75818,"status_timestamp":1642900894,"order_status":"preparing"},{"order_id":75818,"status_timestamp":1642974566,"order_status":"on the way"},{"order_id":75818,"status_timestamp":1642951675,"order_status":"return processed"},{"order_id":75819,"status_timestamp":1642936937,"order_status":"on the way"},{"order_id":75819,"status_timestamp":1642945362,"order_status":"delivered"},{"order_id":75821,"status_timestamp":1642919688,"order_status":"preparing"},{"order_id":75822,"status_timestamp":1642979260,"order_status":"preparing"},{"order_id":75822,"status_timestamp":1642929308,"order_status":"delivered"},{"order_id":75828,"status_timestamp":1642953373,"order_status":"delivered"},{"order_id":75829,"status_timestamp":1642963870,"order_status":"on the way"},{"order_id":75831,"status_timestamp":1642957747,"order_status":"delivered"},{"order_id":75834,"status_timestamp":1642980301,"order_status":"delivered"},{"order_id":75836,"status_timestamp":1642951922,"order_status":"on the way"},{"order_id":75836,"status_timestamp":1642957630,"order_status":"return canceled"},{"order_id":75837,"status_timestamp":1642969259,"order_status":"on the way"},{"order_id":75839,"status_timestamp":1642966271,"order_status":"preparing"}]