[{"order_id":75940,"status_timestamp":1643246285,"order_status":"placed"},{"order_id":75941,"status_timestamp":1643246869,"order_status":"placed"},{"order_id":75942,"status_timestamp":1643255920,"order_status":"placed"},{"order_id":75943,"status_timestamp":1643260963,"order_status":"placed"},{"order_id":75944,"status_timestamp":1643264506,"order_status":"placed"},{"order_id":75945,"status_timestamp":1643265558,"order_status":"placed"},{"order_id":75946,"status_timestamp":1643266560,"order_status":"placed"},{"order_id":75947,"status_timestamp":1643270402,"order_status":"placed"},{"order_id":75948,"status_timestamp":1643271635,"order_status":"placed"},{"order_id":75949,"status_timestamp":1643273834,"order_status":"placed"},{"order_id":75950,"status_timestamp":1643277336,"order_status":"placed"},{"order_id":75951,"status_timestamp":1643279063,"order_status":"placed"},{"order_id":75952,"status_timestamp":1643284046,"order_status":"placed"},{"order_id":75953,"status_timestamp":1643285500,"order_status":"placed"},{"order_id":75954,"status_timestamp":1643289258,"order_status":"placed"},{"order_id":75955,"status_timestamp":1643290967,"order_status":"placed"},{"order_id":75956,"status_timestamp":1643295470,"order_status":"placed"},{"order_id":75957,"status_timestamp":1643300745,"order_status":"placed"},{"order_id":75958,"status_timestamp":1643310468,"order_status":"placed"},{"order_id":75959,"status_timestamp":1643312269,"order_status":"placed"},{"order_id":75960,"status_timestamp":1643313694,"order_status":"placed"},{"order_id":75961,"status_timestamp":1643314748,"order_status":"placed"},{"order_id":75962,"status_timestamp":1643315835,"order_status":"placed"},{"order_id":75963,"status_timestamp":1643317055,"order_status":"placed"},{"order_id":75964,"status_timestamp":1643319041,"order_status":"placed"},{"order_id":75965,"status_timestamp":1643321408,"order_status":"placed"},{"order_id":75791,"status_timestamp":1643264213,"order_status":"preparing"},{"order_id":75838,"status_timestamp":1643243104,"order_status":"on the way"},{"order_id":75840,"status_timestamp":1643264829,"order_status":"on the way"},{"order_id":75842,"status_timestamp":1643265096,"order_status":"on the way"},{"order_id":75854,"status_timestamp":1643326195,"order_status":"return processed"},{"order_id":75856,"status_timestamp":1643244095,"order_status":"preparing"},{"order_id":75857,"status_timestamp":1643286772,"order_status":"on the way"},{"order_id":75860,"status_timestamp":1643263644,"order_status":"preparing"},{"order_id":75861,"status_timestamp":1643315436,"order_status":"on the way"},{"order_id":75863,"status_timestamp":1643265573,"order_status":"on the way"},{"order_id":75863,"status_timestamp":1643310535,"order_status":"delivered"},{"order_id":75864,"status_timestamp":1643257812,"order_status":"on the way"},{"order_id":75864,"status_timestamp":1643273093,"order_status":"return processed"},{"order_id":75865,"status_timestamp":1643323956,"order_status":"return processed"},{"order_id":75867,"status_timestamp":1643261379,"order_status":"preparing"},{"order_id":75870,"status_timestamp":1643252133,"order_status":"preparing"},{"order_id":75872,"status_timestamp":1643295942,"order_status":"preparing"},{"order_id":75872,"status_timestamp":1643322024,"order_status":"on the way"},{"order_id":75873,"status_timestamp":1643312357,"order_status":"on the way"},{"order_id":75875,"status_timestamp":1643312572,"order_status":"return processed"},{"order_id":75876,"status_timestamp":1643256072,"order_status":"delivered"},{"order_id":75877,"status_timestamp":1643245556,"order_status":"on the way"},{"order_id":75879,"status_timestamp":1643286048,"order_status":"preparing"},{"order_id":75881,"status_timestamp":1643284295,"order_status":"preparing"},{"order_id":75881,"status_timestamp":1643298482,"order_status":"on the way"},{"order_id":75881,"status_timestamp":1643297472,"order_status":"delivered"},{"order_id":75881,"status_timestamp":1643309258,"order_status":"return requested"},{"order_id":75883,"status_timestamp":1643279708,"order_status":"delivered"},{"order_id":75883,"status_timestamp":1643305927,"order_status":"return requested"},{"order_id":75883,"status_timestamp":1643292910,"order_status":"return canceled"},{"order_id":75884,"status_timestamp":1643289046,"order_status":"reported shipping error"},{"order_id":75885,"status_timestamp":1643260806,"order_status":"preparing"},{"order_id":75885,"status_timestamp":1643286701,"order_status":"delivered"},{"order_id":75886,"status_timestamp":1643316979,"order_status":"on the way"},{"order_id":75889,"status_timestamp":1643302129,"order_status":"on the way"},{"order_id":75891,"status_timestamp":1643298210,"order_status":"delivered"},{"order_id":75893,"status_timestamp":1643287717,"order_status":"delivered"},{"order_id":75895,"status_timestamp":1643255176,"order_status":"delivered"},{"order_id":75897,"status_timestamp":1643258674,"order_status":"preparing"},{"order_id":75899,"status_timestamp":1643287602,"order_status":"preparing"},{"order_id":75899,"status_timestamp":1643242780,"order_status":"on the way"},{"order_id":75899,"status_timestamp":1643249421,"order_status":"return processed"},{"order_id":75900,"status_timestamp":1643309653,"order_status":"preparing"},{"order_id":75900,"status_timestamp":1643253395,"order_status":"reported shipping error"},{"order_id":75902,"status_timestamp":1643279201,"order_status":"preparing"},{"order_id":75902,"status_timestamp":1643278404,"order_status":"delivered"},{"order_id":75903,"status_timestamp":1643295996,"order_status":"return requested"},{"order_id":75903,"status_timestamp":1643280533,"order_status":"return picked up"},{"order_id":75904,"status_timestamp":1643287999,"order_status":"preparing"},{"order_id":75904,"status_timestamp":1643259456,"order_status":"delivered"},{"order_id":75905,"status_timestamp":1643267174,"order_status":"on the way"},{"order_id":75906,"status_timestamp":1643286721,"order_status":"preparing"},{"order_id":75906,"status_timestamp":1643256011,"order_status":"on the way"},{"order_id":75907,"status_timestamp":1643324502,"order_status":"preparing"},{"order_id":75907,"status_timestamp":1643291871,"order_status":"on the way"},{"order_id":75909,"status_timestamp":1643305662,"order_status":"return requested"},{"order_id":75909,"status_timestamp":1643283895,"order_status":"return processed"},{"order_id":75910,"status_timestamp":1643287033,"order_status":"preparing"},{"order_id":75911,"status_timestamp":1643259187,"order_status":"delivered"},{"order_id":75912,"status_timestamp":1643283398,"order_status":"preparing"},{"order_id":75912,"status_timestamp":1643261169,"order_status":"return requested"},{"order_id":75914,"status_timestamp":1643323867,"order_status":"on the way"},{"order_id":75915,"status_timestamp":1643253500,"order_status":"preparing"},{"order_id":75915,"status_timestamp":1643287688,"order_status":"return canceled"},{"order_id":75916,"status_timestamp":1643251339,"order_status":"on the way"},{"order_id":75916,"status_timestamp":1643270382,"order_status":"delivered"},{"order_id":75917,"status_timestamp":1643250466,"order_status":"preparing"},{"order_id":75919,"status_timestamp":1643304385,"order_status":"delivered"},{"order_id":75921,"status_timestamp":1643300519,"order_status":"on the way"},{"order_id":75921,"status_timestamp":1643318287,"order_status":"delivered"},{"order_id":75922,"status_timestamp":1643282627,"order_status":"preparing"},{"order_id":75922,"status_timestamp":1643255755,"order_status":"on the way"},{"order_id":75922,"status_timestamp":1643299296,"order_status":"delivered"},{"order_id":75924,"status_timestamp":1643263201,"order_status":"preparing"},{"order_id":75924,"status_timestamp":1643318104,"order_status":"on the way"},{"order_id":75924,"status_timestamp":1643266085,"order_status":"delivered"},{"order_id":75925,"status_timestamp":1643264979,"order_status":"on the way"},{"order_id":75925,"status_timestamp":1643294784,"order_status":"return requested"},{"order_id":75925,"status_timestamp":1643289725,"order_status":"return canceled"},{"order_id":75926,"status_timestamp":1643322584,"order_status":"on the way"},{"order_id":75926,"status_timestamp":1643290087,"order_status":"delivered"},{"order_id":75926,"status_timestamp":1643313775,"order_status":"return processed"},{"order_id":75929,"status_timestamp":1643299769,"order_status":"preparing"},{"order_id":75931,"status_timestamp":1643291388,"order_status":"on the way"},{"order_id":75934,"status_timestamp":1643326347,"order_status":"return canceled"},{"order_id":75935,"status_timestamp":1643309789,"order_status":"on the way"},{"order_id":75938,"status_timestamp":1643321362,"order_status":"preparing"}]