[{"order_id":75723,"status_timestamp":1642464056,"order_status":"placed"},{"order_id":75724,"status_timestamp":1642465483,"order_status":"placed"},{"order_id":75725,"status_timestamp":1642467538,"order_status":"placed"},{"order_id":75726,"status_timestamp":1642474054,"order_status":"placed"},{"order_id":75727,"status_timestamp":1642476135,"order_status":"placed"},{"order_id":75728,"status_timestamp":1642479724,"order_status":"placed"},{"order_id":75729,"status_timestamp":1642480314,"order_status":"placed"},{"order_id":75730,"status_timestamp":1642482517,"order_status":"placed"},{"order_id":75731,"status_timestamp":1642484968,"order_status":"placed"},{"order_id":75732,"status_timestamp":1642492686,"order_status":"placed"},{"order_id":75733,"status_timestamp":1642495606,"order_status":"placed"},{"order_id":75734,"status_timestamp":1642495648,"order_status":"placed"},{"order_id":75735,"status_timestamp":1642502055,"order_status":"placed"},{"order_id":75736,"status_timestamp":1642521861,"order_status":"placed"},{"order_id":75737,"status_timestamp":1642525460,"order_status":"placed"},{"order_id":75738,"status_timestamp":1642529486,"order_status":"placed"},{"order_id":75739,"status_timestamp":1642530017,"order_status":"placed"},{"order_id":75740,"status_timestamp":1642532107,"order_status":"placed"},{"order_id":75741,"status_timestamp":1642532647,"order_status":"placed"},{"order_id":75742,"status_timestamp":1642532788,"order_status":"placed"},{"order_id":75743,"status_timestamp":1642533113,"order_status":"placed"},{"order_id":75744,"status_timestamp":1642536045,"order_status":"placed"},{"order_id":75745,"status_timestamp":1642539453,"order_status":"placed"},{"order_id":75746,"status_timestamp":1642540020,"order_status":"placed"},{"order_id":75747,"status_timestamp":1642545533,"order_status":"placed"},{"order_id":75573,"status_timestamp":1642549129,"order_status":"preparing"},{"order_id":75586,"status_timestamp":1642506009,"order_status":"preparing"},{"order_id":75587,"status_timestamp":1642482747,"order_status":"preparing"},{"order_id":75596,"status_timestamp":1642529293,"order_status":"on the way"},{"order_id":75621,"status_timestamp":1642503680,"order_status":"preparing"},{"order_id":75629,"status_timestamp":1642521885,"order_status":"return processed"},{"order_id":75633,"status_timestamp":1642473996,"order_status":"delivered"},{"order_id":75633,"status_timestamp":1642476835,"order_status":"return requested"},{"order_id":75641,"status_timestamp":1642481241,"order_status":"on the way"},{"order_id":75643,"status_timestamp":1642508152,"order_status":"preparing"},{"order_id":75644,"status_timestamp":1642468274,"order_status":"delivered"},{"order_id":75645,"status_timestamp":1642474633,"order_status":"delivered"},{"order_id":75649,"status_timestamp":1642494894,"order_status":"delivered"},{"order_id":75650,"status_timestamp":1642489159,"order_status":"preparing"},{"order_id":75652,"status_timestamp":1642491260,"order_status":"preparing"},{"order_id":75654,"status_timestamp":1642518857,"order_status":"on the way"},{"order_id":75655,"status_timestamp":1642497000,"order_status":"canceled"},{"order_id":75657,"status_timestamp":1642499686,"order_status":"on the way"},{"order_id":75660,"status_timestamp":1642487254,"order_status":"preparing"},{"order_id":75665,"status_timestamp":1642488011,"order_status":"return requested"},{"order_id":75667,"status_timestamp":1642502917,"order_status":"preparing"},{"order_id":75667,"status_timestamp":1642503248,"order_status":"on the way"},{"order_id":75667,"status_timestamp":1642488164,"order_status":"delivered"},{"order_id":75668,"status_timestamp":1642494745,"order_status":"canceled"},{"order_id":75670,"status_timestamp":1642467027,"order_status":"preparing"},{"order_id":75672,"status_timestamp":1642543960,"order_status":"on the way"},{"order_id":75673,"status_timestamp":1642510993,"order_status":"preparing"},{"order_id":75673,"status_timestamp":1642543317,"order_status":"delivered"},{"order_id":75674,"status_timestamp":1642470432,"order_status":"preparing"},{"order_id":75674,"status_timestamp":1642537464,"order_status":"delivered"},{"order_id":75675,"status_timestamp":1642546247,"order_status":"preparing"},{"order_id":75676,"status_timestamp":1642474487,"order_status":"delivered"},{"order_id":75677,"status_timestamp":1642466470,"order_status":"preparing"},{"order_id":75677,"status_timestamp":1642547732,"order_status":"on the way"},{"order_id":75678,"status_timestamp":1642475724,"order_status":"delivered"},{"order_id":75679,"status_timestamp":1642535370,"order_status":"preparing"},{"order_id":75680,"status_timestamp":1642524592,"order_status":"preparing"},{"order_id":75680,"status_timestamp":1642499945,"order_status":"delivered"},{"order_id":75681,"status_timestamp":1642497702,"order_status":"delivered"},{"order_id":75682,"status_timestamp":1642488441,"order_status":"on the way"},{"order_id":75683,"status_timestamp":1642522872,"order_status":"return picked up"},{"order_id":75683,"status_timestamp":1642538025,"order_status":"return processed"},{"order_id":75684,"status_timestamp":1642508816,"order_status":"on the way"},{"order_id":75685,"status_timestamp":1642508110,"order_status":"on the way"},{"order_id":75687,"status_timestamp":1642520190,"order_status":"preparing"},{"order_id":75688,"status_timestamp":1642509154,"order_status":"preparing"},{"order_id":75689,"status_timestamp":1642508679,"order_status":"delivered"},{"order_id":75691,"status_timestamp":1642522807,"order_status":"preparing"},{"order_id":75692,"status_timestamp":1642518489,"order_status":"return picked up"},{"order_id":75696,"status_timestamp":1642508315,"order_status":"return requested"},{"order_id":75696,"status_timestamp":1642492767,"order_status":"return processed"},{"order_id":75700,"status_timestamp":1642490168,"order_status":"preparing"},{"order_id":75702,"status_timestamp":1642494181,"order_status":"preparing"},{"order_id":75702,"status_timestamp":1642492318,"order_status":"delivered"},{"order_id":75702,"status_timestamp":1642481986,"order_status":"return requested"},{"order_id":75702,"status_timestamp":1642506152,"order_status":"return picked up"},{"order_id":75703,"status_timestamp":1642496212,"order_status":"preparing"},{"order_id":75704,"status_timestamp":1642511347,"order_status":"preparing"},{"order_id":75704,"status_timestamp":1642513480,"order_status":"delivered"},{"order_id":75705,"status_timestamp":1642503929,"order_status":"delivered"},{"order_id":75707,"status_timestamp":1642498559,"order_status":"on the way"},{"order_id":75708,"status_timestamp":1642522826,"order_status":"preparing"},{"order_id":75708,"status_timestamp":1642508781,"order_status":"delivered"},{"order_id":75709,"status_timestamp":1642504297,"order_status":"delivered"},{"order_id":75710,"status_timestamp":1642507193,"order_status":"on the way"},{"order_id":75710,"status_timestamp":1642517901,"order_status":"delivered"},{"order_id":75710,"status_timestamp":1642544025,"order_status":"return canceled"},{"order_id":75711,"status_timestamp":1642524495,"order_status":"delivered"},{"order_id":75718,"status_timestamp":1642536395,"order_status":"on the way"}]