[{"order_id":75893,"status_timestamp":1643080564,"order_status":"placed"},{"order_id":75894,"status_timestamp":1643081284,"order_status":"placed"},{"order_id":75895,"status_timestamp":1643081435,"order_status":"placed"},{"order_id":75896,"status_timestamp":1643083131,"order_status":"placed"},{"order_id":75897,"status_timestamp":1643083713,"order_status":"placed"},{"order_id":75898,"status_timestamp":1643099419,"order_status":"placed"},{"order_id":75899,"status_timestamp":1643101256,"order_status":"placed"},{"order_id":75900,"status_timestamp":1643102919,"order_status":"placed"},{"order_id":75901,"status_timestamp":1643107404,"order_status":"placed"},{"order_id":75902,"status_timestamp":1643116044,"order_status":"placed"},{"order_id":75903,"status_timestamp":1643118602,"order_status":"placed"},{"order_id":75904,"status_timestamp":1643121960,"order_status":"placed"},{"order_id":75905,"status_timestamp":1643124136,"order_status":"placed"},{"order_id":75906,"status_timestamp":1643127936,"order_status":"placed"},{"order_id":75907,"status_timestamp":1643129710,"order_status":"placed"},{"order_id":75908,"status_timestamp":1643130536,"order_status":"placed"},{"order_id":75909,"status_timestamp":1643131289,"order_status":"placed"},{"order_id":75910,"status_timestamp":1643137550,"order_status":"placed"},{"order_id":75911,"status_timestamp":1643141844,"order_status":"placed"},{"order_id":75912,"status_timestamp":1643142677,"order_status":"placed"},{"order_id":75913,"status_timestamp":1643142805,"order_status":"placed"},{"order_id":75914,"status_timestamp":1643143538,"order_status":"placed"},{"order_id":75915,"status_timestamp":1643143776,"order_status":"placed"},{"order_id":75771,"status_timestamp":1643093362,"order_status":"delivered"},{"order_id":75775,"status_timestamp":1643108763,"order_status":"canceled"},{"order_id":75780,"status_timestamp":1643153357,"order_status":"return picked up"},{"order_id":75785,"status_timestamp":1643098926,"order_status":"preparing"},{"order_id":75785,"status_timestamp":1643117679,"order_status":"on the way"},{"order_id":75793,"status_timestamp":1643131774,"order_status":"delivered"},{"order_id":75794,"status_timestamp":1643117374,"order_status":"preparing"},{"order_id":75798,"status_timestamp":1643114238,"order_status":"preparing"},{"order_id":75807,"status_timestamp":1643080869,"order_status":"return picked up"},{"order_id":75810,"status_timestamp":1643088690,"order_status":"preparing"},{"order_id":75813,"status_timestamp":1643078174,"order_status":"on the way"},{"order_id":75815,"status_timestamp":1643098175,"order_status":"delivered"},{"order_id":75816,"status_timestamp":1643070866,"order_status":"preparing"},{"order_id":75819,"status_timestamp":1643088624,"order_status":"preparing"},{"order_id":75820,"status_timestamp":1643089573,"order_status":"return requested"},{"order_id":75820,"status_timestamp":1643082796,"order_status":"return picked up"},{"order_id":75821,"status_timestamp":1643136695,"order_status":"delivered"},{"order_id":75823,"status_timestamp":1643112252,"order_status":"on the way"},{"order_id":75825,"status_timestamp":1643127613,"order_status":"delivered"},{"order_id":75826,"status_timestamp":1643070476,"order_status":"on the way"},{"order_id":75826,"status_timestamp":1643086186,"order_status":"delivered"},{"order_id":75827,"status_timestamp":1643146056,"order_status":"on the way"},{"order_id":75829,"status_timestamp":1643084793,"order_status":"delivered"},{"order_id":75830,"status_timestamp":1643100389,"order_status":"preparing"},{"order_id":75830,"status_timestamp":1643085776,"order_status":"delivered"},{"order_id":75831,"status_timestamp":1643130288,"order_status":"preparing"},{"order_id":75832,"status_timestamp":1643130774,"order_status":"preparing"},{"order_id":75832,"status_timestamp":1643084845,"order_status":"on the way"},{"order_id":75835,"status_timestamp":1643124571,"order_status":"on the way"},{"order_id":75835,"status_timestamp":1643146008,"order_status":"delivered"},{"order_id":75841,"status_timestamp":1643075689,"order_status":"on the way"},{"order_id":75842,"status_timestamp":1643101845,"order_status":"preparing"},{"order_id":75843,"status_timestamp":1643126566,"order_status":"on the way"},{"order_id":75843,"status_timestamp":1643149705,"order_status":"delivered"},{"order_id":75844,"status_timestamp":1643075844,"order_status":"on the way"},{"order_id":75844,"status_timestamp":1643102859,"order_status":"delivered"},{"order_id":75845,"status_timestamp":1643103460,"order_status":"on the way"},{"order_id":75845,"status_timestamp":1643096248,"order_status":"delivered"},{"order_id":75846,"status_timestamp":1643074652,"order_status":"on the way"},{"order_id":75846,"status_timestamp":1643125851,"order_status":"delivered"},{"order_id":75847,"status_timestamp":1643128918,"order_status":"preparing"},{"order_id":75847,"status_timestamp":1643154806,"order_status":"on the way"},{"order_id":75848,"status_timestamp":1643133401,"order_status":"on the way"},{"order_id":75848,"status_timestamp":1643105996,"order_status":"reported shipping error"},{"order_id":75849,"status_timestamp":1643115838,"order_status":"preparing"},{"order_id":75849,"status_timestamp":1643091632,"order_status":"delivered"},{"order_id":75852,"status_timestamp":1643097748,"order_status":"on the way"},{"order_id":75853,"status_timestamp":1643123065,"order_status":"delivered"},{"order_id":75854,"status_timestamp":1643119932,"order_status":"delivered"},{"order_id":75855,"status_timestamp":1643111391,"order_status":"preparing"},{"order_id":75855,"status_timestamp":1643086388,"order_status":"on the way"},{"order_id":75855,"status_timestamp":1643101715,"order_status":"return requested"},{"order_id":75857,"status_timestamp":1643128068,"order_status":"preparing"},{"order_id":75859,"status_timestamp":1643121414,"order_status":"canceled"},{"order_id":75860,"status_timestamp":1643137116,"order_status":"on the way"},{"order_id":75860,"status_timestamp":1643090680,"order_status":"delivered"},{"order_id":75862,"status_timestamp":1643128634,"order_status":"delivered"},{"order_id":75864,"status_timestamp":1643072197,"order_status":"delivered"},{"order_id":75864,"status_timestamp":1643101984,"order_status":"return requested"},{"order_id":75864,"status_timestamp":1643096996,"order_status":"return picked up"},{"order_id":75865,"status_timestamp":1643096632,"order_status":"preparing"},{"order_id":75865,"status_timestamp":1643106200,"order_status":"on the way"},{"order_id":75865,"status_timestamp":1643120872,"order_status":"return picked up"},{"order_id":75866,"status_timestamp":1643079244,"order_status":"on the way"},{"order_id":75867,"status_timestamp":1643111907,"order_status":"on the way"},{"order_id":75868,"status_timestamp":1643105869,"order_status":"on the way"},{"order_id":75869,"status_timestamp":1643131816,"order_status":"preparing"},{"order_id":75870,"status_timestamp":1643106269,"order_status":"on the way"},{"order_id":75870,"status_timestamp":1643093438,"order_status":"delivered"},{"order_id":75871,"status_timestamp":1643103653,"order_status":"preparing"},{"order_id":75873,"status_timestamp":1643153711,"order_status":"preparing"},{"order_id":75874,"status_timestamp":1643091437,"order_status":"on the way"},{"order_id":75876,"status_timestamp":1643133713,"order_status":"preparing"},{"order_id":75876,"status_timestamp":1643137986,"order_status":"on the way"},{"order_id":75877,"status_timestamp":1643141805,"order_status":"delivered"},{"order_id":75878,"status_timestamp":1643105261,"order_status":"preparing"},{"order_id":75878,"status_timestamp":1643102938,"order_status":"on the way"},{"order_id":75878,"status_timestamp":1643092528,"order_status":"delivered"},{"order_id":75879,"status_timestamp":1643152779,"order_status":"on the way"},{"order_id":75880,"status_timestamp":1643121153,"order_status":"on the way"},{"order_id":75881,"status_timestamp":1643124585,"order_status":"return processed"},{"order_id":75882,"status_timestamp":1643133569,"order_status":"preparing"},{"order_id":75883,"status_timestamp":1643130308,"order_status":"preparing"},{"order_id":75883,"status_timestamp":1643136696,"order_status":"on the way"},{"order_id":75884,"status_timestamp":1643136252,"order_status":"preparing"},{"order_id":75885,"status_timestamp":1643150796,"order_status":"on the way"},{"order_id":75892,"status_timestamp":1643149637,"order_status":"preparing"}]