[{"customer_id":23206,"order_timestamp":1642033089,"notifications":"Y","order_id":75593},{"customer_id":23838,"order_timestamp":1642036937,"notifications":"Y","order_id":75594},{"customer_id":23466,"order_timestamp":1642037283,"notifications":"Y","order_id":75595},{"customer_id":23232,"order_timestamp":1642039510,"notifications":"Y","order_id":75596},{"customer_id":23337,"order_timestamp":1642039733,"notifications":"Y","order_id":75597},{"customer_id":22682,"order_timestamp":1642039794,"notifications":"Y","order_id":75598},{"customer_id":23983,"order_timestamp":1642043153,"notifications":"Y","order_id":75599},{"customer_id":22499,"order_timestamp":1642045280,"notifications":"Y","order_id":75600},{"customer_id":23937,"order_timestamp":1642046692,"notifications":"Y","order_id":75601},{"customer_id":24022,"order_timestamp":1642054710,"notifications":"Y","order_id":75602},{"customer_id":23822,"order_timestamp":1642056876,"notifications":"Y","order_id":75603},{"customer_id":22840,"order_timestamp":1642063245,"notifications":"Y","order_id":75604},{"customer_id":23180,"order_timestamp":1642064301,"notifications":"Y","order_id":75605},{"customer_id":23313,"order_timestamp":1642068554,"notifications":"Y","order_id":75606},{"customer_id":23889,"order_timestamp":1642073320,"notifications":"Y","order_id":75607},{"customer_id":23399,"order_timestamp":1642074176,"notifications":"Y","order_id":75608},{"customer_id":23125,"order_timestamp":1642074756,"notifications":"Y","order_id":75609},{"customer_id":23754,"order_timestamp":1642074930,"notifications":"Y","order_id":75610},{"customer_id":23195,"order_timestamp":1642075543,"notifications":"N","order_id":75611},{"customer_id":23481,"order_timestamp":1642083593,"notifications":"Y","order_id":75612},{"customer_id":23605,"order_timestamp":1642085180,"notifications":"Y","order_id":75613},{"customer_id":23256,"order_timestamp":1642089386,"notifications":"Y","order_id":75614},{"customer_id":23060,"order_timestamp":1642089800,"notifications":"Y","order_id":75615},{"customer_id":23974,"order_timestamp":1642094604,"notifications":"Y","order_id":75616},{"customer_id":23109,"order_timestamp":1642094980,"notifications":"Y","order_id":75617},{"customer_id":22815,"order_timestamp":1642101067,"notifications":"Y","order_id":75618},{"customer_id":23705,"order_timestamp":1642103750,"notifications":"Y","order_id":75619}]