[{"customer_id":24016,"order_timestamp":1642381222,"notifications":"Y","order_id":75697},{"customer_id":23300,"order_timestamp":1642381384,"notifications":"Y","order_id":75698},{"customer_id":23850,"order_timestamp":1642383435,"notifications":"N","order_id":75699},{"customer_id":23256,"order_timestamp":1642385671,"notifications":"Y","order_id":75700},{"customer_id":23477,"order_timestamp":1642389097,"notifications":"Y","order_id":75701},{"customer_id":23698,"order_timestamp":1642391801,"notifications":"Y","order_id":75702},{"customer_id":23707,"order_timestamp":1642398336,"notifications":"Y","order_id":75703},{"customer_id":23282,"order_timestamp":1642398736,"notifications":"Y","order_id":75704},{"customer_id":23937,"order_timestamp":1642399120,"notifications":"Y","order_id":75705},{"customer_id":23636,"order_timestamp":1642400802,"notifications":"Y","order_id":75706},{"customer_id":22325,"order_timestamp":1642401122,"notifications":"N","order_id":75707},{"customer_id":23748,"order_timestamp":1642406972,"notifications":"Y","order_id":75708},{"customer_id":23335,"order_timestamp":1642410667,"notifications":"Y","order_id":75709},{"customer_id":24017,"order_timestamp":1642411823,"notifications":"Y","order_id":75710},{"customer_id":23516,"order_timestamp":1642435389,"notifications":"Y","order_id":75711},{"customer_id":22568,"order_timestamp":1642435390,"notifications":"Y","order_id":75712},{"customer_id":22815,"order_timestamp":1642440139,"notifications":"N","order_id":75713},{"customer_id":24135,"order_timestamp":1642440996,"notifications":"Y","order_id":75714},{"customer_id":23344,"order_timestamp":1642445158,"notifications":"Y","order_id":75715},{"customer_id":23038,"order_timestamp":1642445583,"notifications":"Y","order_id":75716},{"customer_id":23574,"order_timestamp":1642445835,"notifications":"Y","order_id":75717},{"customer_id":23800,"order_timestamp":1642448257,"notifications":"N","order_id":75718},{"customer_id":23487,"order_timestamp":1642449783,"notifications":"Y","order_id":75719},{"customer_id":23196,"order_timestamp":1642449864,"notifications":"N","order_id":75720},{"customer_id":23304,"order_timestamp":1642450484,"notifications":"Y","order_id":75721},{"customer_id":23902,"order_timestamp":1642457462,"notifications":"Y","order_id":75722}]