[{"customer_id":23685,"order_timestamp":1642551228,"notifications":"N","order_id":75748},{"customer_id":22337,"order_timestamp":1642553318,"notifications":"N","order_id":75749},{"customer_id":23930,"order_timestamp":1642554002,"notifications":"Y","order_id":75750},{"customer_id":23147,"order_timestamp":1642564224,"notifications":"N","order_id":75751},{"customer_id":24079,"order_timestamp":1642565757,"notifications":"N","order_id":75752},{"customer_id":23651,"order_timestamp":1642567146,"notifications":"N","order_id":75753},{"customer_id":23718,"order_timestamp":1642573173,"notifications":"Y","order_id":75754},{"customer_id":22962,"order_timestamp":1642576703,"notifications":"Y","order_id":75755},{"customer_id":23870,"order_timestamp":1642579603,"notifications":"N","order_id":75756},{"customer_id":23065,"order_timestamp":1642591709,"notifications":"Y","order_id":75757},{"customer_id":23203,"order_timestamp":1642595994,"notifications":"Y","order_id":75758},{"customer_id":24091,"order_timestamp":1642597727,"notifications":"Y","order_id":75759},{"customer_id":23880,"order_timestamp":1642597753,"notifications":"Y","order_id":75760},{"customer_id":22914,"order_timestamp":1642600128,"notifications":"Y","order_id":75761},{"customer_id":23628,"order_timestamp":1642603151,"notifications":"Y","order_id":75762},{"customer_id":23755,"order_timestamp":1642605244,"notifications":"Y","order_id":75763},{"customer_id":23027,"order_timestamp":1642606958,"notifications":"N","order_id":75764},{"customer_id":23079,"order_timestamp":1642608818,"notifications":"N","order_id":75765},{"customer_id":23333,"order_timestamp":1642609314,"notifications":"Y","order_id":75766},{"customer_id":23336,"order_timestamp":1642611408,"notifications":"Y","order_id":75767},{"customer_id":23250,"order_timestamp":1642618558,"notifications":"Y","order_id":75768},{"customer_id":23295,"order_timestamp":1642620155,"notifications":"Y","order_id":75769},{"customer_id":23673,"order_timestamp":1642625904,"notifications":"Y","order_id":75770},{"customer_id":23833,"order_timestamp":1642631281,"notifications":"Y","order_id":75771}]