[{"customer_id":22141,"order_timestamp":1643246285,"notifications":"Y","order_id":75940},{"customer_id":24091,"order_timestamp":1643246869,"notifications":"Y","order_id":75941},{"customer_id":23713,"order_timestamp":1643255920,"notifications":"Y","order_id":75942},{"customer_id":22757,"order_timestamp":1643260963,"notifications":"N","order_id":75943},{"customer_id":23392,"order_timestamp":1643264506,"notifications":"N","order_id":75944},{"customer_id":22621,"order_timestamp":1643265558,"notifications":"Y","order_id":75945},{"customer_id":22161,"order_timestamp":1643266560,"notifications":"Y","order_id":75946},{"customer_id":22196,"order_timestamp":1643270402,"notifications":"Y","order_id":75947},{"customer_id":23437,"order_timestamp":1643271635,"notifications":"Y","order_id":75948},{"customer_id":23368,"order_timestamp":1643273834,"notifications":"Y","order_id":75949},{"customer_id":23400,"order_timestamp":1643277336,"notifications":"Y","order_id":75950},{"customer_id":23940,"order_timestamp":1643279063,"notifications":"Y","order_id":75951},{"customer_id":22866,"order_timestamp":1643284046,"notifications":"N","order_id":75952},{"customer_id":23591,"order_timestamp":1643285500,"notifications":"N","order_id":75953},{"customer_id":23328,"order_timestamp":1643289258,"notifications":"Y","order_id":75954},{"customer_id":23844,"order_timestamp":1643290967,"notifications":"N","order_id":75955},{"customer_id":23998,"order_timestamp":1643295470,"notifications":"Y","order_id":75956},{"customer_id":23293,"order_timestamp":1643300745,"notifications":"Y","order_id":75957},{"customer_id":23781,"order_timestamp":1643310468,"notifications":"Y","order_id":75958},{"customer_id":23408,"order_timestamp":1643312269,"notifications":"Y","order_id":75959},{"customer_id":23675,"order_timestamp":1643313694,"notifications":"Y","order_id":75960},{"customer_id":23976,"order_timestamp":1643314748,"notifications":"Y","order_id":75961},{"customer_id":23764,"order_timestamp":1643315835,"notifications":"Y","order_id":75962},{"customer_id":23357,"order_timestamp":1643317055,"notifications":"Y","order_id":75963},{"customer_id":22602,"order_timestamp":1643319041,"notifications":"Y","order_id":75964},{"customer_id":24191,"order_timestamp":1643321408,"notifications":"N","order_id":75965}]