[{"name":"Donald Thomas","email":"weberbrittney@example.net","address":"6037 Jacobs Common","city":"Corpus Christi","state":"TX","zip_code":"61206","operation":"NEW","timestamp":1641066279,"customer_id":23995},{"name":"Deborah Petty","email":"coletodd@example.org","address":"271 Tina Rapid","city":"Seal Beach","state":"CA","zip_code":"12787","operation":"NEW","timestamp":1640999499,"customer_id":23996},{"name":"Erica Vaughn","email":"mayjoshua@example.net","address":"746 Costa Skyway","city":"Rock Island","state":"IL","zip_code":"77461","operation":"NEW","timestamp":1641003503,"customer_id":23997},{"name":"Kelli Baxter","email":"jsanders@example.net","address":"74093 Haley Route Suite 195","city":"Dunedin","state":"FL","zip_code":"34216","operation":"NEW","timestamp":1641054070,"customer_id":23998},{"name":"Amy Booth","email":"zfisher@example.com","address":"0098 John Lock","city":"Blue Island","state":"IL","zip_code":"18735","operation":"NEW","timestamp":1641048908,"customer_id":23999},{"name":"Chris Davis","email":"andradejason@example.com","address":"448 Dean Neck Suite 418","city":"Philadelphia","state":"PA","zip_code":"04558","operation":"NEW","timestamp":1641072623,"customer_id":24000},{"name":"Jeremiah Craig","email":"joanconway@example.net","address":"74388 Trevino Mountains Apt. 046","city":"Oak Grove","state":"MO","zip_code":"26705","operation":"NEW","timestamp":1641069516,"customer_id":24001},{"name":"Jessica Little","email":"allison30@example.com","address":"75264 Mclean Island Suite 484","city":"Edgewater","state":"FL","zip_code":"25512","operation":"NEW","timestamp":1641008363,"customer_id":24002},{"name":"Tracy Horne","email":"katie63@example.com","address":"19232 Schwartz Way Apt. 989","city":"Westminster","state":"CA","zip_code":"19516","operation":"NEW","timestamp":1641007750,"customer_id":24003},{"name":"Derrick Hernandez","email":"michelle81@example.com","address":"774 Charles Oval Apt. 125","city":"Columbus","state":"GA","zip_code":"18245","operation":"NEW","timestamp":1641070564,"customer_id":24004},{"name":"Teresa Mooney","email":"flowersjose@example.org","address":"80805 Mcmillan Street","city":"Maryville","state":"TN","zip_code":"77378","operation":"UPDATE","timestamp":1641043886,"customer_id":22931},{"name":"Michael Lewis","email":"ashley44@example.org","address":"451 Hunt Station","city":"Johnson City","state":"TN","zip_code":"90476","operation":"UPDATE","timestamp":1641057420,"customer_id":22760},{"name":"Scott Nash MD","email":"anthonymolina@example.org","address":"234 Patrick Shores","city":"Huntsville","state":"AL","zip_code":"43658","operation":"UPDATE","timestamp":1641045334,"customer_id":23822},{"name":"Sandy Adams","email":"andrewcarter@example.org","address":"512 John Stravenue Suite 239","city":"Kingsport","state":"TN","zip_code":"94660","operation":"UPDATE","timestamp":1641067642,"customer_id":23225},{"name":"Bailey Page","email":"jeanneortega@example.com","address":"6376 Pratt Canyon Suite 964","city":"Laurens","state":"SC","zip_code":"40357","operation":"UPDATE","timestamp":1641036381,"customer_id":23894},{"name":"Robert Smith","email":"marcus91@example.org","address":"80101 Adam Spur Apt. 971","city":"Chicago","state":"IL","zip_code":"81100","operation":"UPDATE","timestamp":1641039413,"customer_id":23789},{"name":"Andrew Perez","email":"wnunez@example.net","address":"510 Martin Gardens Apt. 723","city":"Fullerton","state":"CA","zip_code":"30769","operation":"UPDATE","timestamp":1641025081,"customer_id":23345},{"name":"Joyce Brown","email":"karenbryant@example.org","address":"63074 Walker Lodge","city":"New York","state":"NY","zip_code":"42671","operation":"UPDATE","timestamp":1641028418,"customer_id":23882},{"name":"John Rodgers","email":"faulknershannon@example.net","address":"50434 Turner Land Suite 696","city":"New York","state":"NY","zip_code":"66088","operation":"UPDATE","timestamp":1641045935,"customer_id":23666},{"name":"Lori Jordan","email":"mstone@example.net","address":"077 Linda Corners","city":"Detroit","state":"MI","zip_code":"20864","operation":"UPDATE","timestamp":1641066875,"customer_id":23439},{"name":"Steven Conway","email":"medinaryan@example.org","address":"618 Villarreal Stravenue Suite 601","city":"Pittsburgh","state":"PA","zip_code":"28488","operation":"UPDATE","timestamp":1641011454,"customer_id":22668},{"name":"Steven Campbell","email":"conleycarly@example.org","address":"976 Lester Heights Suite 317","city":"Austin","state":"TX","zip_code":"08533","operation":"UPDATE","timestamp":1641036961,"customer_id":23768},{"name":null,"email":null,"address":null,"city":null,"state":null,"zip_code":null,"operation":"DELETE","timestamp":1641054281,"customer_id":23617}]