[{"name":"Priscilla Cox","email":"amandamyers@example.net","address":"8491 Foster Flats Suite 638","city":"Omaha","state":"NE","zip_code":"58552","operation":"NEW","timestamp":1641109123,"customer_id":24005},{"name":"Charles Cameron","email":"randy53@example.net","address":"66540 Brent Ports Apt. 910","city":"Columbus","state":"MS","zip_code":"07451","operation":"NEW","timestamp":1641127255,"customer_id":24006},{"name":"Brian Poole","email":"aharvey@example.com","address":"05368 Michael Springs","city":"Tulare","state":"CA","zip_code":"18615","operation":"NEW","timestamp":1641140254,"customer_id":24007},{"name":"Meghan Ortiz","email":"christina60@example.org","address":"61165 April Locks","city":"Minden","state":"LA","zip_code":"86332","operation":"NEW","timestamp":1641146588,"customer_id":24008},{"name":"Christopher Patton","email":"jeffrey36@example.org","address":"276 Hall Courts","city":"Orinda","state":"CA","zip_code":"56814","operation":"NEW","timestamp":1641107125,"customer_id":24009},{"name":"Shelby Cervantes","email":"sandovalstacy@example.org","address":"70326 Amanda Rapid Apt. 368","city":"Fraser","state":"MI","zip_code":"95999","operation":"NEW","timestamp":1641139596,"customer_id":24010},{"name":"Allison Torres","email":"cwalter@example.org","address":"6185 Mann Falls","city":"Pittsburgh","state":"PA","zip_code":"72163","operation":"NEW","timestamp":1641104990,"customer_id":24011},{"name":"Charles Patterson","email":"ebell@example.com","address":"6514 Reid Land Apt. 785","city":"Chandler","state":"OK","zip_code":"64473","operation":"NEW","timestamp":1641087094,"customer_id":24012},{"name":"Larry Fowler","email":"john37@example.org","address":"964 Paul Hills","city":"Lynwood","state":"CA","zip_code":"19880","operation":"NEW","timestamp":1641132397,"customer_id":24013},{"name":"Dr. Kayla Wilson","email":"pamela23@example.org","address":"5302 White Point","city":"Pottsville","state":"PA","zip_code":"21226","operation":"UPDATE","timestamp":1641123995,"customer_id":23715},{"name":"Paul Barnes","email":"kristen78@example.org","address":"0390 Gilbert Flat","city":"Columbus","state":"GA","zip_code":"15125","operation":"UPDATE","timestamp":1641097405,"customer_id":23625},{"name":"Erik Vargas","email":"bradydiane@example.com","address":"687 Fitzgerald Viaduct","city":"San Antonio","state":"TX","zip_code":"53946","operation":"UPDATE","timestamp":1641102343,"customer_id":23545},{"name":"Robert Wagner","email":"glendahatfield@example.com","address":"02179 Jason Cliffs Suite 787","city":"Sugar Land","state":"TX","zip_code":"42444","operation":"UPDATE","timestamp":1641123635,"customer_id":23073},{"name":"Andrew Mcmillan","email":"acunningham@example.com","address":"38589 Joshua Passage","city":"Point Pleasant","state":"WV","zip_code":"98652","operation":"UPDATE","timestamp":1641163464,"customer_id":23828},{"name":"Kimberly Mckenzie","email":"alexisadams@example.com","address":"502 Sullivan Shore","city":"Urbana","state":"IL","zip_code":"75807","operation":"UPDATE","timestamp":1641107056,"customer_id":23907},{"name":"Aaron Mitchell","email":"morrisalexis@example.com","address":"0389 Wendy Village Apt. 063","city":"Council Bluffs","state":"IA","zip_code":"22378","operation":"UPDATE","timestamp":1641083448,"customer_id":23773},{"name":"Alexander Mendoza","email":"erin78@example.net","address":"0904 Petty Springs Suite 307","city":"Lawrence","state":"MA","zip_code":"17520","operation":"UPDATE","timestamp":1641110763,"customer_id":23253},{"name":"David Hoover","email":"hansonkirk@example.org","address":"706 Carolyn Ports","city":"La Verne","state":"CA","zip_code":"37923","operation":"UPDATE","timestamp":1641124214,"customer_id":23094},{"name":"Alexandra Hansen","email":"joseph04@example.org","address":"496 Miranda Port Apt. 461","city":"Ridgecrest","state":"CA","zip_code":"19391","operation":"UPDATE","timestamp":1641126384,"customer_id":23983},{"name":"Michelle Thomas","email":"powersjack@example.org","address":"977 Johnson Branch Suite 555","city":"Jackson","state":"CA","zip_code":"76479","operation":"UPDATE","timestamp":1641135773,"customer_id":23978},{"name":"Carolyn Tran","email":"danacobb@example.net","address":"780 Steven Stream Suite 207","city":"El Paso","state":"TX","zip_code":"43944","operation":"UPDATE","timestamp":1641120416,"customer_id":22559},{"name":"Kristin Wilson","email":"deniseburke@example.net","address":"19038 Emily Mission Apt. 636","city":"Tucson","state":"AZ","zip_code":"39247","operation":"UPDATE","timestamp":1641118579,"customer_id":23173},{"name":null,"email":null,"address":null,"city":null,"state":null,"zip_code":null,"operation":"DELETE","timestamp":1641163912,"customer_id":23378}]