[{"name":"Jessica Collins","email":"cheyenne90@example.com","address":"3286 Campbell Spurs","city":"Palo Alto","state":"CA","zip_code":"81279","operation":"NEW","timestamp":1641278165,"customer_id":24026},{"name":"Laurie Fowler","email":"andrewhoward@example.org","address":"298 Carrillo Ports Suite 856","city":"Bakersfield","state":"CA","zip_code":"20302","operation":"NEW","timestamp":1641276732,"customer_id":24027},{"name":"Michelle Thomas","email":"mendezheather@example.net","address":"1618 Ramos Stream","city":"Los Angeles","state":"CA","zip_code":"86584","operation":"NEW","timestamp":1641330529,"customer_id":24028},{"name":"Casey Smith","email":"odonnellzachary@example.net","address":"2782 Robinson Lock Suite 019","city":"Carbondale","state":"IL","zip_code":"70910","operation":"NEW","timestamp":1641302387,"customer_id":24029},{"name":"Nicole Williams","email":"qgarcia@example.org","address":"130 Ruben Trail","city":"Fayetteville","state":"NC","zip_code":"85428","operation":"NEW","timestamp":1641321485,"customer_id":24030},{"name":"Jenna Sanchez","email":"nnunez@example.org","address":"50770 Greene Falls","city":"Mount Juliet","state":"TN","zip_code":"60658","operation":"NEW","timestamp":1641290847,"customer_id":24031},{"name":"Robin Flynn","email":"christinasmith@example.net","address":"470 Peter Ridge","city":"Cincinnati","state":"OH","zip_code":"02778","operation":"NEW","timestamp":1641310885,"customer_id":24032},{"name":"Hunter Bailey","email":"greenpamela@example.com","address":"43301 Cobb Courts","city":"Los Angeles","state":"CA","zip_code":"79745","operation":"NEW","timestamp":1641318734,"customer_id":24033},{"name":"Lynn Cook","email":"jjohnson@example.com","address":"2851 Sharp Brook","city":"Murrieta","state":"CA","zip_code":"37836","operation":"NEW","timestamp":1641255601,"customer_id":24034},{"name":"Jeffery Lopez","email":"krhodes@example.org","address":"623 Knapp Pines","city":"St. George","state":"UT","zip_code":"98240","operation":"UPDATE","timestamp":1641327797,"customer_id":23950},{"name":"Anthony Wheeler","email":"david58@example.net","address":"257 Andrew Hill","city":"San Francisco","state":"CA","zip_code":"73326","operation":"UPDATE","timestamp":1641273459,"customer_id":22922},{"name":"Gregory Brady","email":"nalexander@example.com","address":"8063 Christine Plaza","city":"High Point","state":"NC","zip_code":"78457","operation":"UPDATE","timestamp":1641322133,"customer_id":23798},{"name":"Joshua Warren","email":"frenchmegan@example.com","address":"89690 Brandon Cape","city":"Savannah","state":"GA","zip_code":"49370","operation":"UPDATE","timestamp":1641322052,"customer_id":22599},{"name":"Linda Ortega","email":"pamelabryant@example.net","address":"3064 Campbell Turnpike","city":"Renton","state":"WA","zip_code":"57560","operation":"UPDATE","timestamp":1641263218,"customer_id":23463},{"name":"Kevin Hall","email":"dgaines@example.org","address":"47233 Richards Isle","city":"New Brunswick","state":"NJ","zip_code":"82565","operation":"UPDATE","timestamp":1641298533,"customer_id":22337},{"name":"Robert Gardner MD","email":"nancysilva@example.org","address":"241 Stacy Spur","city":"Galt","state":"CA","zip_code":"05990","operation":"UPDATE","timestamp":1641314886,"customer_id":23516},{"name":"Colleen Kelly","email":"allenjames@example.org","address":"561 Hughes Locks Apt. 537","city":"Milpitas","state":"CA","zip_code":"94868","operation":"UPDATE","timestamp":1641322956,"customer_id":23291},{"name":"Marvin Cole","email":"todd56@example.net","address":"2839 Jonathan Orchard Suite 924","city":"Pocahontas","state":"AR","zip_code":"03793","operation":"UPDATE","timestamp":1641315383,"customer_id":23499},{"name":"Daniel Dickerson","email":"langlisa@example.com","address":"937 Harris Ports Suite 138","city":"West Palm Beach","state":"FL","zip_code":"10019","operation":"UPDATE","timestamp":1641300971,"customer_id":23837},{"name":null,"email":null,"address":null,"city":null,"state":null,"zip_code":null,"operation":"DELETE","timestamp":1641257407,"customer_id":22309}]