[{"name":"Kurt Torres","email":"xcampbell@example.net","address":"3433 Rios Plaza","city":"Winston-Salem","state":"NC","zip_code":"80422","operation":"NEW","timestamp":1641790170,"customer_id":24079},{"name":"Noah Weber","email":"dhuffman@example.com","address":"07450 William Rapids","city":"Creve Coeur","state":"MO","zip_code":"60368","operation":"NEW","timestamp":1641798667,"customer_id":24080},{"name":"Tiffany Johnson","email":"anthonymartinez@example.org","address":"4970 Pennington Summit Suite 742","city":"Washington","state":"DC","zip_code":"24841","operation":"NEW","timestamp":1641788243,"customer_id":24081},{"name":"Anna Vasquez","email":"mullinsemma@example.net","address":"671 Anna Walk","city":"Indianapolis","state":"IN","zip_code":"95956","operation":"NEW","timestamp":1641787006,"customer_id":24082},{"name":"Tyler Wells","email":"brownjodi@example.com","address":"688 Derek Crossing Suite 137","city":"Philadelphia","state":"PA","zip_code":"67045","operation":"NEW","timestamp":1641814882,"customer_id":24083},{"name":"Michael Rivera","email":"lisa85@example.com","address":"8203 Emily Camp","city":"Denver","state":"CO","zip_code":"99599","operation":"NEW","timestamp":1641849723,"customer_id":24084},{"name":"Dawn Richards","email":"sheilathompson@example.org","address":"2094 Leslie Plaza","city":"Richmond","state":"VA","zip_code":"72944","operation":"NEW","timestamp":1641851501,"customer_id":24085},{"name":"Mr. David Adams","email":"qhaas@example.com","address":"416 Rodriguez Shore","city":"Mesa","state":"AZ","zip_code":"12847","operation":"NEW","timestamp":1641777189,"customer_id":24086},{"name":"Adrian Morgan","email":"taylorashley@example.com","address":"11707 Leslie Vista","city":"Las Vegas","state":"NV","zip_code":"54545","operation":"NEW","timestamp":1641814435,"customer_id":24087},{"name":"Tonya Cameron","email":"dylantaylor@example.net","address":"93155 Best Flats","city":"Los Angeles","state":"CA","zip_code":"33642","operation":"UPDATE","timestamp":1641832712,"customer_id":23065},{"name":"Rachel Aguirre","email":"qmoore@example.com","address":"7980 Barnett Pine Apt. 516","city":"Arlington","state":"TX","zip_code":"87590","operation":"UPDATE","timestamp":1641838298,"customer_id":23157},{"name":"Shane Powell","email":"taylorashley@example.org","address":"27387 Ray Villages Suite 700","city":"Lincoln Park","state":"MI","zip_code":"93100","operation":"UPDATE","timestamp":1641813336,"customer_id":22578},{"name":"Corey Gordon","email":"dorseylisa@example.com","address":"5283 Webb Street","city":"Lawrenceburg","state":"KY","zip_code":"43204","operation":"UPDATE","timestamp":1641841390,"customer_id":23707},{"name":"Rachel Washington","email":"vbell@example.net","address":"059 French Loaf Suite 576","city":"New Orleans","state":"LA","zip_code":"26803","operation":"UPDATE","timestamp":1641782347,"customer_id":23186},{"name":"Kimberly Bowman","email":"elliottjustin@example.com","address":"1637 Johnson Pike","city":"Los Angeles","state":"CA","zip_code":"16356","operation":"UPDATE","timestamp":1641846463,"customer_id":23321},{"name":"Jeffrey Perry","email":"richard84@example.org","address":"499 Townsend Brooks Apt. 294","city":"Lodi","state":"CA","zip_code":"83800","operation":"UPDATE","timestamp":1641826520,"customer_id":23489},{"name":"David Gonzalez","email":"littleshelly@example.com","address":"90952 Gregory Stream Suite 064","city":"Hilliard","state":"OH","zip_code":"52084","operation":"UPDATE","timestamp":1641816233,"customer_id":23526},{"name":"Austin Hall","email":"xstewart@example.net","address":"17934 Blackburn Ways Apt. 897","city":"Garden City","state":"ID","zip_code":"76765","operation":"UPDATE","timestamp":1641851821,"customer_id":23120},{"name":"Michael Dudley","email":"ylewis@example.com","address":"0618 Hill Stravenue","city":"Chicago","state":"IL","zip_code":"45135","operation":"UPDATE","timestamp":1641830252,"customer_id":23237},{"name":"Kelly Foster","email":"mbrown@example.org","address":"957 Randall Fork Apt. 135","city":"Golden","state":"CO","zip_code":"29270","operation":"UPDATE","timestamp":1641811782,"customer_id":23771},{"name":"Travis Lee","email":"ian96@example.com","address":"743 Bell Corners","city":"Southfield","state":"MI","zip_code":"30619","operation":"UPDATE","timestamp":1641841018,"customer_id":23124},{"name":null,"email":null,"address":null,"city":null,"state":null,"zip_code":null,"operation":"DELETE","timestamp":1641828234,"customer_id":23067},{"name":null,"email":null,"address":null,"city":null,"state":null,"zip_code":null,"operation":"DELETE","timestamp":1641805225,"customer_id":23817}]