[{"name":"Amy Jones","email":"kleingeorge@example.com","address":"0543 Anna Plains Suite 204","city":"Ankeny","state":"IA","zip_code":"80620","operation":"NEW","timestamp":1642939994,"customer_id":24206},{"name":"Ryan Carter","email":"vmata@example.net","address":"885 Bobby Extension Suite 991","city":"Houston","state":"TX","zip_code":"07219","operation":"NEW","timestamp":1642896380,"customer_id":24207},{"name":"Jenny Martinez","email":"qbaker@example.com","address":"80232 Dennis Ville","city":"Bell Gardens","state":"CA","zip_code":"77630","operation":"NEW","timestamp":1642899002,"customer_id":24208},{"name":"Joan Stanton","email":"laura61@example.com","address":"3098 Erin Fork Apt. 341","city":"San Antonio","state":"TX","zip_code":"75665","operation":"NEW","timestamp":1642976272,"customer_id":24209},{"name":"Courtney Simmons","email":"jenniferalvarez@example.com","address":"42469 Chambers Street","city":"Columbus","state":"GA","zip_code":"73604","operation":"NEW","timestamp":1642948233,"customer_id":24210},{"name":"Jackie Delgado","email":"briankelley@example.org","address":"4686 Jessica Field","city":"Greensboro","state":"NC","zip_code":"94768","operation":"NEW","timestamp":1642926837,"customer_id":24211},{"name":"Thomas Liu","email":"laura51@example.org","address":"37485 Elizabeth Causeway Suite 434","city":"Montrose","state":"CO","zip_code":"30729","operation":"NEW","timestamp":1642909735,"customer_id":24212},{"name":"Debra Powell","email":"johnsonalex@example.org","address":"871 Donald Unions Apt. 670","city":"Urbana","state":"IA","zip_code":"24002","operation":"NEW","timestamp":1642945060,"customer_id":24213},{"name":"Miss Brianna Rowland","email":"matthewsmith@example.com","address":"352 Garcia Land Apt. 800","city":"Pittsburg","state":"CA","zip_code":"23170","operation":"NEW","timestamp":1642899792,"customer_id":24214},{"name":"Erica Lopez","email":"ellisfelicia@example.net","address":"5304 Carolyn Drives Suite 259","city":"San Jose","state":"CA","zip_code":"83726","operation":"UPDATE","timestamp":1642950717,"customer_id":23603},{"name":"Dr. Kayla Wilson","email":"pamela23@example.org","address":"54320 Haynes Rue","city":"Garland","state":"TX","zip_code":"93768","operation":"UPDATE","timestamp":1642906161,"customer_id":23715},{"name":null,"email":null,"address":null,"city":null,"state":null,"zip_code":null,"operation":"DELETE","timestamp":1642978555,"customer_id":23539},{"name":null,"email":null,"address":null,"city":null,"state":null,"zip_code":null,"operation":"DELETE","timestamp":1642953211,"customer_id":23570}]