[{"name":"Dr. Thomas Davis","email":"davidduran@example.com","address":"5831 Howard Lock","city":"Sylvania","state":"OH","zip_code":"87426","operation":"NEW","timestamp":1643214666,"customer_id":24233},{"name":"Thomas Munoz","email":"william15@example.org","address":"7618 Becker Parkway","city":"Helena","state":"AL","zip_code":"46384","operation":"NEW","timestamp":1643236506,"customer_id":24234},{"name":"Christopher Friedman","email":"jedwards@example.org","address":"7698 Jonathan Centers","city":"Portland","state":"OR","zip_code":"97311","operation":"NEW","timestamp":1643187193,"customer_id":24235},{"name":"Eugene Farmer","email":"tdowns@example.org","address":"105 Stevens Flats Suite 147","city":"Thornton","state":"CO","zip_code":"01920","operation":"NEW","timestamp":1643209445,"customer_id":24236},{"name":"Jason Wilson","email":"robinsonbrittany@example.com","address":"630 Ross Knolls","city":"Woodland","state":"CA","zip_code":"99015","operation":"NEW","timestamp":1643204895,"customer_id":24237},{"name":"Cynthia Pham","email":"mtodd@example.org","address":"54131 Tammy Orchard","city":"Seattle","state":"WA","zip_code":"83032","operation":"NEW","timestamp":1643160347,"customer_id":24238},{"name":"Larry Horn","email":"tgutierrez@example.com","address":"97061 Mary Causeway","city":"Rexburg","state":"ID","zip_code":"84899","operation":"NEW","timestamp":1643222426,"customer_id":24239},{"name":"Juan Roberson Jr.","email":"hesterchristina@example.net","address":"2024 Moore Trail Apt. 699","city":"Lincoln","state":"CA","zip_code":"08548","operation":"NEW","timestamp":1643215937,"customer_id":24240},{"name":"Mark Richardson","email":"davidhaas@example.org","address":"0929 Steven Squares","city":"Cody","state":"WY","zip_code":"91728","operation":"NEW","timestamp":1643197624,"customer_id":24241},{"name":"Theresa Joseph","email":"colemaneric@example.net","address":"2095 Morales Canyon","city":"Chattanooga","state":"TN","zip_code":"19148","operation":"UPDATE","timestamp":1643217646,"customer_id":23147},{"name":"Mark Vaughn","email":"pward@example.org","address":"72017 Shepard Parkway Apt. 193","city":"Boston","state":"MA","zip_code":"44678","operation":"UPDATE","timestamp":1643233738,"customer_id":24105},{"name":"Monica Marsh","email":"michelle29@example.com","address":"30584 Fox Station","city":"Houston","state":"TX","zip_code":"76918","operation":"UPDATE","timestamp":1643210871,"customer_id":23611},{"name":"Amanda Sanchez","email":"lewismitchell@example.net","address":"5460 Raymond Brook","city":"San Diego","state":"CA","zip_code":"23118","operation":"UPDATE","timestamp":1643182493,"customer_id":23758},{"name":"Allen Williams","email":"tylerjacobs@example.org","address":"681 Kendra Rest","city":"Russellville","state":"KY","zip_code":"79622","operation":"UPDATE","timestamp":1643220967,"customer_id":23275},{"name":"Matthew Tran","email":"bushkristina@example.com","address":"184 Angela Point","city":"New York","state":"NY","zip_code":"40921","operation":"UPDATE","timestamp":1643179247,"customer_id":23372},{"name":"Wendy Conway","email":"michelleoconnor@example.com","address":"39845 Brown Views","city":"Elk Ridge","state":"UT","zip_code":"42432","operation":"UPDATE","timestamp":1643208813,"customer_id":23786},{"name":"Julie Tran","email":"perkinsgabriel@example.org","address":"3183 Howard Summit","city":"Inglewood","state":"CA","zip_code":"54543","operation":"UPDATE","timestamp":1643190390,"customer_id":22621},{"name":"Jennifer Webb","email":"brandonprice@example.org","address":"757 Shawn Path Apt. 400","city":"Kent","state":"WA","zip_code":"80615","operation":"UPDATE","timestamp":1643194576,"customer_id":24040},{"name":"Robert Curry","email":"lisa05@example.org","address":"851 Stephanie Courts Apt. 311","city":"Manchester","state":"TN","zip_code":"77342","operation":"UPDATE","timestamp":1643214006,"customer_id":24088},{"name":"Kimberly Bowman","email":"elliottjustin@example.com","address":"21199 John Lakes Apt. 350","city":"Los Angeles","state":"CA","zip_code":"82225","operation":"UPDATE","timestamp":1643193547,"customer_id":23321},{"name":null,"email":null,"address":null,"city":null,"state":null,"zip_code":null,"operation":"DELETE","timestamp":1643182589,"customer_id":24027}]