[{"customer_id":23180,"order_timestamp":1640996822,"notifications":"Y","order_id":75297},{"customer_id":23082,"order_timestamp":1641000470,"notifications":"Y","order_id":75298},{"customer_id":23550,"order_timestamp":1641000707,"notifications":"Y","order_id":75299},{"customer_id":23362,"order_timestamp":1641002550,"notifications":"Y","order_id":75300},{"customer_id":23210,"order_timestamp":1641003380,"notifications":"N","order_id":75301},{"customer_id":23489,"order_timestamp":1641004093,"notifications":"N","order_id":75302},{"customer_id":23328,"order_timestamp":1641004638,"notifications":"Y","order_id":75303},{"customer_id":23954,"order_timestamp":1641009857,"notifications":"Y","order_id":75304},{"customer_id":23648,"order_timestamp":1641011274,"notifications":"Y","order_id":75305},{"customer_id":23310,"order_timestamp":1641015380,"notifications":"Y","order_id":75306},{"customer_id":23103,"order_timestamp":1641019649,"notifications":"Y","order_id":75307},{"customer_id":23520,"order_timestamp":1641024875,"notifications":"Y","order_id":75308},{"customer_id":23525,"order_timestamp":1641027378,"notifications":"Y","order_id":75309},{"customer_id":23701,"order_timestamp":1641030683,"notifications":"Y","order_id":75310},{"customer_id":23581,"order_timestamp":1641030689,"notifications":"Y","order_id":75311},{"customer_id":22843,"order_timestamp":1641031735,"notifications":"N","order_id":75312},{"customer_id":23697,"order_timestamp":1641031941,"notifications":"N","order_id":75313},{"customer_id":22266,"order_timestamp":1641046002,"notifications":"N","order_id":75314},{"customer_id":22448,"order_timestamp":1641054983,"notifications":"Y","order_id":75315},{"customer_id":22447,"order_timestamp":1641057356,"notifications":"N","order_id":75316},{"customer_id":23288,"order_timestamp":1641058714,"notifications":"Y","order_id":75317},{"customer_id":23542,"order_timestamp":1641059215,"notifications":"Y","order_id":75318},{"customer_id":23344,"order_timestamp":1641064749,"notifications":"Y","order_id":75319},{"customer_id":23980,"order_timestamp":1641067354,"notifications":"Y","order_id":75320},{"customer_id":23804,"order_timestamp":1641068705,"notifications":"Y","order_id":75321}]