[{"customer_id":23124,"order_timestamp":1641340932,"notifications":"Y","order_id":75395},{"customer_id":23720,"order_timestamp":1641346067,"notifications":"Y","order_id":75396},{"customer_id":23927,"order_timestamp":1641347363,"notifications":"N","order_id":75397},{"customer_id":23856,"order_timestamp":1641350237,"notifications":"N","order_id":75398},{"customer_id":23831,"order_timestamp":1641351695,"notifications":"Y","order_id":75399},{"customer_id":23259,"order_timestamp":1641351885,"notifications":"N","order_id":75400},{"customer_id":23605,"order_timestamp":1641352680,"notifications":"Y","order_id":75401},{"customer_id":23789,"order_timestamp":1641355135,"notifications":"Y","order_id":75402},{"customer_id":23999,"order_timestamp":1641356353,"notifications":"Y","order_id":75403},{"customer_id":24001,"order_timestamp":1641357301,"notifications":"Y","order_id":75404},{"customer_id":23751,"order_timestamp":1641370042,"notifications":"Y","order_id":75405},{"customer_id":23540,"order_timestamp":1641371361,"notifications":"N","order_id":75406},{"customer_id":23923,"order_timestamp":1641379389,"notifications":"N","order_id":75407},{"customer_id":23979,"order_timestamp":1641383148,"notifications":"Y","order_id":75408},{"customer_id":22840,"order_timestamp":1641383285,"notifications":"Y","order_id":75409},{"customer_id":23219,"order_timestamp":1641385650,"notifications":"Y","order_id":75410},{"customer_id":22447,"order_timestamp":1641386212,"notifications":"N","order_id":75411},{"customer_id":23771,"order_timestamp":1641389701,"notifications":"Y","order_id":75412},{"customer_id":23406,"order_timestamp":1641403207,"notifications":"Y","order_id":75413},{"customer_id":23332,"order_timestamp":1641403430,"notifications":"Y","order_id":75414},{"customer_id":23819,"order_timestamp":1641404865,"notifications":"N","order_id":75415},{"customer_id":23992,"order_timestamp":1641406941,"notifications":"Y","order_id":75416},{"customer_id":22922,"order_timestamp":1641408661,"notifications":"Y","order_id":75417},{"customer_id":23089,"order_timestamp":1641408948,"notifications":"Y","order_id":75418},{"customer_id":23561,"order_timestamp":1641409458,"notifications":"N","order_id":75419}]