[{"customer_id":22972,"order_timestamp":1641515513,"notifications":"Y","order_id":75444},{"customer_id":22743,"order_timestamp":1641520286,"notifications":"Y","order_id":75445},{"customer_id":23296,"order_timestamp":1641522666,"notifications":"Y","order_id":75446},{"customer_id":23404,"order_timestamp":1641529062,"notifications":"Y","order_id":75447},{"customer_id":23543,"order_timestamp":1641530082,"notifications":"Y","order_id":75448},{"customer_id":22454,"order_timestamp":1641538112,"notifications":"Y","order_id":75449},{"customer_id":23376,"order_timestamp":1641541204,"notifications":"Y","order_id":75450},{"customer_id":23283,"order_timestamp":1641544126,"notifications":"Y","order_id":75451},{"customer_id":23946,"order_timestamp":1641544692,"notifications":"Y","order_id":75452},{"customer_id":23353,"order_timestamp":1641545350,"notifications":"Y","order_id":75453},{"customer_id":23559,"order_timestamp":1641548491,"notifications":"Y","order_id":75454},{"customer_id":23829,"order_timestamp":1641552036,"notifications":"N","order_id":75455},{"customer_id":23159,"order_timestamp":1641553442,"notifications":"Y","order_id":75456},{"customer_id":23678,"order_timestamp":1641553862,"notifications":"Y","order_id":75457},{"customer_id":23034,"order_timestamp":1641555194,"notifications":"Y","order_id":75458},{"customer_id":23859,"order_timestamp":1641557450,"notifications":"Y","order_id":75459},{"customer_id":23719,"order_timestamp":1641559263,"notifications":"Y","order_id":75460},{"customer_id":23751,"order_timestamp":1641562873,"notifications":"Y","order_id":75461},{"customer_id":24004,"order_timestamp":1641564276,"notifications":"N","order_id":75462},{"customer_id":23930,"order_timestamp":1641567455,"notifications":"N","order_id":75463},{"customer_id":24015,"order_timestamp":1641570686,"notifications":"N","order_id":75464},{"customer_id":23881,"order_timestamp":1641577033,"notifications":"Y","order_id":75465},{"customer_id":23136,"order_timestamp":1641581205,"notifications":"N","order_id":75466},{"customer_id":23331,"order_timestamp":1641594320,"notifications":"N","order_id":75467}]