[{"customer_id":23034,"order_timestamp":1641773464,"notifications":"Y","order_id":75518},{"customer_id":23709,"order_timestamp":1641779265,"notifications":"N","order_id":75519},{"customer_id":24018,"order_timestamp":1641782143,"notifications":"Y","order_id":75520},{"customer_id":23960,"order_timestamp":1641785689,"notifications":"Y","order_id":75521},{"customer_id":23224,"order_timestamp":1641785708,"notifications":"Y","order_id":75522},{"customer_id":23467,"order_timestamp":1641787781,"notifications":"N","order_id":75523},{"customer_id":23844,"order_timestamp":1641788283,"notifications":"N","order_id":75524},{"customer_id":23332,"order_timestamp":1641801470,"notifications":"Y","order_id":75525},{"customer_id":23349,"order_timestamp":1641813926,"notifications":"Y","order_id":75526},{"customer_id":23842,"order_timestamp":1641815432,"notifications":"Y","order_id":75527},{"customer_id":23291,"order_timestamp":1641817867,"notifications":"N","order_id":75528},{"customer_id":22815,"order_timestamp":1641819225,"notifications":"N","order_id":75529},{"customer_id":23811,"order_timestamp":1641821961,"notifications":"N","order_id":75530},{"customer_id":23871,"order_timestamp":1641824367,"notifications":"Y","order_id":75531},{"customer_id":23819,"order_timestamp":1641824862,"notifications":"N","order_id":75532},{"customer_id":22207,"order_timestamp":1641829296,"notifications":"N","order_id":75533},{"customer_id":22546,"order_timestamp":1641835191,"notifications":"Y","order_id":75534},{"customer_id":23178,"order_timestamp":1641837216,"notifications":"Y","order_id":75535},{"customer_id":22826,"order_timestamp":1641837833,"notifications":"Y","order_id":75536},{"customer_id":23874,"order_timestamp":1641839106,"notifications":"Y","order_id":75537},{"customer_id":23957,"order_timestamp":1641839314,"notifications":"Y","order_id":75538},{"customer_id":23197,"order_timestamp":1641843150,"notifications":"Y","order_id":75539},{"customer_id":23079,"order_timestamp":1641849622,"notifications":"Y","order_id":75540},{"customer_id":23520,"order_timestamp":1641850798,"notifications":"N","order_id":75541}]