[{"customer_id":23460,"order_timestamp":1642897657,"notifications":"Y","order_id":75845},{"customer_id":22658,"order_timestamp":1642898605,"notifications":"N","order_id":75846},{"customer_id":23603,"order_timestamp":1642899416,"notifications":"N","order_id":75847},{"customer_id":23893,"order_timestamp":1642903452,"notifications":"Y","order_id":75848},{"customer_id":23818,"order_timestamp":1642904095,"notifications":"Y","order_id":75849},{"customer_id":24102,"order_timestamp":1642905563,"notifications":"Y","order_id":75850},{"customer_id":24184,"order_timestamp":1642906142,"notifications":"Y","order_id":75851},{"customer_id":22496,"order_timestamp":1642911574,"notifications":"N","order_id":75852},{"customer_id":24086,"order_timestamp":1642914001,"notifications":"N","order_id":75853},{"customer_id":23572,"order_timestamp":1642917389,"notifications":"Y","order_id":75854},{"customer_id":23577,"order_timestamp":1642922123,"notifications":"N","order_id":75855},{"customer_id":23391,"order_timestamp":1642932279,"notifications":"Y","order_id":75856},{"customer_id":24123,"order_timestamp":1642932942,"notifications":"Y","order_id":75857},{"customer_id":23091,"order_timestamp":1642933878,"notifications":"Y","order_id":75858},{"customer_id":22454,"order_timestamp":1642935156,"notifications":"Y","order_id":75859},{"customer_id":23654,"order_timestamp":1642939449,"notifications":"Y","order_id":75860},{"customer_id":22266,"order_timestamp":1642951793,"notifications":"Y","order_id":75861},{"customer_id":23587,"order_timestamp":1642952147,"notifications":"Y","order_id":75862},{"customer_id":23524,"order_timestamp":1642955238,"notifications":"N","order_id":75863},{"customer_id":23730,"order_timestamp":1642957839,"notifications":"Y","order_id":75864},{"customer_id":23612,"order_timestamp":1642960877,"notifications":"Y","order_id":75865},{"customer_id":23561,"order_timestamp":1642968133,"notifications":"Y","order_id":75866},{"customer_id":24202,"order_timestamp":1642968233,"notifications":"Y","order_id":75867},{"customer_id":23061,"order_timestamp":1642971712,"notifications":"Y","order_id":75868},{"customer_id":24150,"order_timestamp":1642973105,"notifications":"Y","order_id":75869}]