[{"customer_id":23094,"order_timestamp":1640392092,"notifications":"Y","order_id":75123},{"customer_id":23457,"order_timestamp":1640392500,"notifications":"N","order_id":75124},{"customer_id":23564,"order_timestamp":1640394862,"notifications":"Y","order_id":75125},{"customer_id":23392,"order_timestamp":1640396067,"notifications":"N","order_id":75126},{"customer_id":23101,"order_timestamp":1640399066,"notifications":"Y","order_id":75127},{"customer_id":23466,"order_timestamp":1640404853,"notifications":"N","order_id":75128},{"customer_id":23834,"order_timestamp":1640407272,"notifications":"Y","order_id":75129},{"customer_id":23852,"order_timestamp":1640419989,"notifications":"Y","order_id":75130},{"customer_id":23483,"order_timestamp":1640422131,"notifications":"Y","order_id":75131},{"customer_id":23821,"order_timestamp":1640423697,"notifications":"N","order_id":75132},{"customer_id":23907,"order_timestamp":1640427687,"notifications":"Y","order_id":75133},{"customer_id":23088,"order_timestamp":1640427813,"notifications":"Y","order_id":75134},{"customer_id":23327,"order_timestamp":1640432499,"notifications":"Y","order_id":75135},{"customer_id":23154,"order_timestamp":1640433629,"notifications":"Y","order_id":75136},{"customer_id":23818,"order_timestamp":1640434907,"notifications":"Y","order_id":75137},{"customer_id":23568,"order_timestamp":1640438599,"notifications":"Y","order_id":75138},{"customer_id":23599,"order_timestamp":1640441108,"notifications":"Y","order_id":75139},{"customer_id":23646,"order_timestamp":1640442728,"notifications":"Y","order_id":75140},{"customer_id":23447,"order_timestamp":1640442982,"notifications":"Y","order_id":75141},{"customer_id":22196,"order_timestamp":1640444289,"notifications":"N","order_id":75142},{"customer_id":23004,"order_timestamp":1640444735,"notifications":"Y","order_id":75143},{"customer_id":22457,"order_timestamp":1640453556,"notifications":"Y","order_id":75144},{"customer_id":23560,"order_timestamp":1640454027,"notifications":"N","order_id":75145},{"customer_id":23892,"order_timestamp":1640469617,"notifications":"Y","order_id":75146},{"customer_id":23270,"order_timestamp":1640469849,"notifications":"N","order_id":75147},{"customer_id":23318,"order_timestamp":1640470511,"notifications":"Y","order_id":75148},{"customer_id":23134,"order_timestamp":1640476865,"notifications":"Y","order_id":75149},{"customer_id":23631,"order_timestamp":1640479937,"notifications":"Y","order_id":75150},{"customer_id":23447,"order_timestamp":1640480642,"notifications":"Y","order_id":75151},{"customer_id":22980,"order_timestamp":1640489317,"notifications":"Y","order_id":75152},{"customer_id":23662,"order_timestamp":1640490661,"notifications":"Y","order_id":75153},{"customer_id":23128,"order_timestamp":1640491953,"notifications":"Y","order_id":75154},{"customer_id":23305,"order_timestamp":1640500820,"notifications":"Y","order_id":75155},{"customer_id":23790,"order_timestamp":1640506768,"notifications":"Y","order_id":75156},{"customer_id":23673,"order_timestamp":1640514816,"notifications":"Y","order_id":75157},{"customer_id":22447,"order_timestamp":1640516867,"notifications":"Y","order_id":75158},{"customer_id":22600,"order_timestamp":1640516913,"notifications":"Y","order_id":75159},{"customer_id":23598,"order_timestamp":1640517492,"notifications":"Y","order_id":75160},{"customer_id":23453,"order_timestamp":1640521294,"notifications":"N","order_id":75161},{"customer_id":22477,"order_timestamp":1640526465,"notifications":"N","order_id":75162},{"customer_id":23863,"order_timestamp":1640526485,"notifications":"Y","order_id":75163},{"customer_id":22485,"order_timestamp":1640526860,"notifications":"N","order_id":75164},{"customer_id":23786,"order_timestamp":1640532784,"notifications":"N","order_id":75165},{"customer_id":23833,"order_timestamp":1640534000,"notifications":"N","order_id":75166},{"customer_id":23242,"order_timestamp":1640534721,"notifications":"N","order_id":75167},{"customer_id":23120,"order_timestamp":1640548053,"notifications":"Y","order_id":75168},{"customer_id":23815,"order_timestamp":1640548610,"notifications":"Y","order_id":75169},{"customer_id":22757,"order_timestamp":1640548846,"notifications":"Y","order_id":75170},{"customer_id":23748,"order_timestamp":1640552043,"notifications":"N","order_id":75171},{"customer_id":23416,"order_timestamp":1640552112,"notifications":"Y","order_id":75172},{"customer_id":23218,"order_timestamp":1640553981,"notifications":"N","order_id":75173},{"customer_id":23867,"order_timestamp":1640564080,"notifications":"Y","order_id":75174},{"customer_id":23259,"order_timestamp":1640567847,"notifications":"N","order_id":75175},{"customer_id":22757,"order_timestamp":1640569060,"notifications":"N","order_id":75176},{"customer_id":22599,"order_timestamp":1640574553,"notifications":"Y","order_id":75177},{"customer_id":23606,"order_timestamp":1640575274,"notifications":"Y","order_id":75178},{"customer_id":23493,"order_timestamp":1640575962,"notifications":"N","order_id":75179},{"customer_id":22467,"order_timestamp":1640580049,"notifications":"Y","order_id":75180},{"customer_id":23828,"order_timestamp":1640582140,"notifications":"Y","order_id":75181},{"customer_id":22316,"order_timestamp":1640587536,"notifications":"Y","order_id":75182},{"customer_id":23061,"order_timestamp":1640594017,"notifications":"Y","order_id":75183},{"customer_id":23813,"order_timestamp":1640603248,"notifications":"Y","order_id":75184},{"customer_id":23358,"order_timestamp":1640611591,"notifications":"Y","order_id":75185},{"customer_id":23778,"order_timestamp":1640613010,"notifications":"Y","order_id":75186},{"customer_id":23477,"order_timestamp":1640618976,"notifications":"Y","order_id":75187},{"customer_id":23179,"order_timestamp":1640620853,"notifications":"Y","order_id":75188},{"customer_id":23769,"order_timestamp":1640625214,"notifications":"Y","order_id":75189},{"customer_id":23836,"order_timestamp":1640625322,"notifications":"N","order_id":75190},{"customer_id":22557,"order_timestamp":1640625597,"notifications":"Y","order_id":75191},{"customer_id":23359,"order_timestamp":1640631831,"notifications":"Y","order_id":75192},{"customer_id":23768,"order_timestamp":1640631849,"notifications":"Y","order_id":75193},{"customer_id":23669,"order_timestamp":1640633377,"notifications":"Y","order_id":75194},{"customer_id":23823,"order_timestamp":1640637588,"notifications":"Y","order_id":75195},{"customer_id":22296,"order_timestamp":1640642842,"notifications":"Y","order_id":75196},{"customer_id":23318,"order_timestamp":1640643224,"notifications":"Y","order_id":75197},{"customer_id":23219,"order_timestamp":1640643721,"notifications":"N","order_id":75198},{"customer_id":23072,"order_timestamp":1640653481,"notifications":"Y","order_id":75199},{"customer_id":23910,"order_timestamp":1640660661,"notifications":"Y","order_id":75200},{"customer_id":23833,"order_timestamp":1640665029,"notifications":"Y","order_id":75201},{"customer_id":23696,"order_timestamp":1640665868,"notifications":"Y","order_id":75202},{"customer_id":23815,"order_timestamp":1640665971,"notifications":"Y","order_id":75203},{"customer_id":23195,"order_timestamp":1640671232,"notifications":"N","order_id":75204},{"customer_id":23183,"order_timestamp":1640672063,"notifications":"Y","order_id":75205},{"customer_id":23367,"order_timestamp":1640675667,"notifications":"N","order_id":75206},{"customer_id":23088,"order_timestamp":1640675687,"notifications":"Y","order_id":75207},{"customer_id":22752,"order_timestamp":1640678086,"notifications":"Y","order_id":75208},{"customer_id":23326,"order_timestamp":1640681064,"notifications":"Y","order_id":75209},{"customer_id":23212,"order_timestamp":1640682880,"notifications":"Y","order_id":75210},{"customer_id":23524,"order_timestamp":1640684944,"notifications":"Y","order_id":75211},{"customer_id":23151,"order_timestamp":1640690706,"notifications":"Y","order_id":75212},{"customer_id":23582,"order_timestamp":1640691368,"notifications":"Y","order_id":75213},{"customer_id":23182,"order_timestamp":1640691634,"notifications":"Y","order_id":75214},{"customer_id":22826,"order_timestamp":1640696465,"notifications":"Y","order_id":75215},{"customer_id":23158,"order_timestamp":1640706768,"notifications":"Y","order_id":75216},{"customer_id":23343,"order_timestamp":1640717605,"notifications":"Y","order_id":75217},{"customer_id":23390,"order_timestamp":1640721908,"notifications":"Y","order_id":75218},{"customer_id":23574,"order_timestamp":1640725566,"notifications":"Y","order_id":75219},{"customer_id":23282,"order_timestamp":1640726897,"notifications":"Y","order_id":75220},{"customer_id":23206,"order_timestamp":1640730881,"notifications":"N","order_id":75221},{"customer_id":23811,"order_timestamp":1640731443,"notifications":"Y","order_id":75222},{"customer_id":23734,"order_timestamp":1640732281,"notifications":"Y","order_id":75223},{"customer_id":23284,"order_timestamp":1640737911,"notifications":"N","order_id":75224},{"customer_id":23397,"order_timestamp":1640741859,"notifications":"Y","order_id":75225},{"customer_id":23285,"order_timestamp":1640743461,"notifications":"Y","order_id":75226},{"customer_id":23443,"order_timestamp":1640744138,"notifications":"Y","order_id":75227},{"customer_id":23841,"order_timestamp":1640745536,"notifications":"Y","order_id":75228},{"customer_id":23489,"order_timestamp":1640745939,"notifications":"Y","order_id":75229},{"customer_id":23377,"order_timestamp":1640751789,"notifications":"Y","order_id":75230},{"customer_id":23519,"order_timestamp":1640753686,"notifications":"Y","order_id":75231},{"customer_id":23273,"order_timestamp":1640754906,"notifications":"Y","order_id":75232},{"customer_id":23942,"order_timestamp":1640755409,"notifications":"Y","order_id":75233},{"customer_id":23714,"order_timestamp":1640755921,"notifications":"Y","order_id":75234},{"customer_id":22959,"order_timestamp":1640758650,"notifications":"N","order_id":75235},{"customer_id":23642,"order_timestamp":1640763112,"notifications":"Y","order_id":75236},{"customer_id":23277,"order_timestamp":1640781747,"notifications":"N","order_id":75237},{"customer_id":23777,"order_timestamp":1640790253,"notifications":"Y","order_id":75238},{"customer_id":23748,"order_timestamp":1640799146,"notifications":"N","order_id":75239},{"customer_id":23511,"order_timestamp":1640799965,"notifications":"Y","order_id":75240},{"customer_id":23964,"order_timestamp":1640800237,"notifications":"N","order_id":75241},{"customer_id":23542,"order_timestamp":1640803027,"notifications":"Y","order_id":75242},{"customer_id":23842,"order_timestamp":1640805315,"notifications":"Y","order_id":75243},{"customer_id":23371,"order_timestamp":1640808136,"notifications":"Y","order_id":75244},{"customer_id":22895,"order_timestamp":1640809481,"notifications":"Y","order_id":75245},{"customer_id":23885,"order_timestamp":1640810227,"notifications":"Y","order_id":75246},{"customer_id":23875,"order_timestamp":1640812303,"notifications":"Y","order_id":75247},{"customer_id":23331,"order_timestamp":1640815265,"notifications":"Y","order_id":75248},{"customer_id":23218,"order_timestamp":1640828420,"notifications":"N","order_id":75249},{"customer_id":23779,"order_timestamp":1640830827,"notifications":"N","order_id":75250},{"customer_id":23187,"order_timestamp":1640837025,"notifications":"N","order_id":75251},{"customer_id":23435,"order_timestamp":1640837290,"notifications":"Y","order_id":75252},{"customer_id":23124,"order_timestamp":1640837302,"notifications":"Y","order_id":75253},{"customer_id":23215,"order_timestamp":1640852084,"notifications":"N","order_id":75254},{"customer_id":23863,"order_timestamp":1640857299,"notifications":"Y","order_id":75255},{"customer_id":23800,"order_timestamp":1640858077,"notifications":"Y","order_id":75256},{"customer_id":23503,"order_timestamp":1640859758,"notifications":"N","order_id":75257},{"customer_id":23755,"order_timestamp":1640862499,"notifications":"Y","order_id":75258},{"customer_id":23509,"order_timestamp":1640864646,"notifications":"Y","order_id":75259},{"customer_id":22338,"order_timestamp":1640867193,"notifications":"N","order_id":75260},{"customer_id":22935,"order_timestamp":1640869044,"notifications":"Y","order_id":75261},{"customer_id":23311,"order_timestamp":1640869535,"notifications":"Y","order_id":75262},{"customer_id":23819,"order_timestamp":1640869633,"notifications":"Y","order_id":75263},{"customer_id":23312,"order_timestamp":1640886912,"notifications":"Y","order_id":75264},{"customer_id":23484,"order_timestamp":1640888803,"notifications":"Y","order_id":75265},{"customer_id":23290,"order_timestamp":1640889524,"notifications":"Y","order_id":75266},{"customer_id":23558,"order_timestamp":1640889752,"notifications":"Y","order_id":75267},{"customer_id":23086,"order_timestamp":1640893693,"notifications":"Y","order_id":75268},{"customer_id":23822,"order_timestamp":1640895938,"notifications":"Y","order_id":75269},{"customer_id":23212,"order_timestamp":1640898363,"notifications":"Y","order_id":75270},{"customer_id":23715,"order_timestamp":1640902531,"notifications":"Y","order_id":75271},{"customer_id":22161,"order_timestamp":1640904968,"notifications":"Y","order_id":75272},{"customer_id":23882,"order_timestamp":1640909763,"notifications":"Y","order_id":75273},{"customer_id":23147,"order_timestamp":1640911244,"notifications":"Y","order_id":75274},{"customer_id":23577,"order_timestamp":1640911324,"notifications":"Y","order_id":75275},{"customer_id":23888,"order_timestamp":1640914350,"notifications":"Y","order_id":75276},{"customer_id":22815,"order_timestamp":1640922137,"notifications":"Y","order_id":75277},{"customer_id":23521,"order_timestamp":1640933033,"notifications":"Y","order_id":75278},{"customer_id":23887,"order_timestamp":1640933550,"notifications":"Y","order_id":75279},{"customer_id":23551,"order_timestamp":1640933653,"notifications":"N","order_id":75280},{"customer_id":23886,"order_timestamp":1640935059,"notifications":"Y","order_id":75281},{"customer_id":23376,"order_timestamp":1640935106,"notifications":"Y","order_id":75282},{"customer_id":23911,"order_timestamp":1640941395,"notifications":"N","order_id":75283},{"customer_id":23310,"order_timestamp":1640948702,"notifications":"Y","order_id":75284},{"customer_id":23109,"order_timestamp":1640950790,"notifications":"N","order_id":75285},{"customer_id":23291,"order_timestamp":1640953620,"notifications":"Y","order_id":75286},{"customer_id":23556,"order_timestamp":1640953917,"notifications":"Y","order_id":75287},{"customer_id":23581,"order_timestamp":1640958185,"notifications":"Y","order_id":75288},{"customer_id":23621,"order_timestamp":1640960321,"notifications":"Y","order_id":75289},{"customer_id":23365,"order_timestamp":1640963057,"notifications":"Y","order_id":75290},{"customer_id":23716,"order_timestamp":1640971896,"notifications":"N","order_id":75291},{"customer_id":23206,"order_timestamp":1640974381,"notifications":"Y","order_id":75292},{"customer_id":23027,"order_timestamp":1640984029,"notifications":"Y","order_id":75293},{"customer_id":23380,"order_timestamp":1640987218,"notifications":"N","order_id":75294},{"customer_id":22701,"order_timestamp":1640987527,"notifications":"Y","order_id":75295},{"customer_id":23766,"order_timestamp":1640990674,"notifications":"Y","order_id":75296}]