[{"name":"Stacy Flores","email":"barrystephen@example.net","address":"26066 Matthew Hollow","city":"Philadelphia","state":"PA","zip_code":"83347","operation":"NEW","timestamp":1641678047,"customer_id":24061},{"name":"Sharon Patton","email":"kathleenwest@example.com","address":"7010 Cory Common","city":"Los Angeles","state":"CA","zip_code":"92304","operation":"NEW","timestamp":1641627474,"customer_id":24062},{"name":"Laurie Allen","email":"jaredrivera@example.com","address":"117 Rivera Curve Apt. 648","city":"Littleton","state":"CO","zip_code":"33628","operation":"NEW","timestamp":1641613407,"customer_id":24063},{"name":"Mark Crawford","email":"brittany03@example.com","address":"73383 Alvarado Island","city":"Bellevue","state":"NE","zip_code":"14492","operation":"NEW","timestamp":1641666633,"customer_id":24064},{"name":"Rhonda Harvey","email":"ublake@example.com","address":"98403 James Port Suite 120","city":"Virginia Beach","state":"VA","zip_code":"80898","operation":"NEW","timestamp":1641644351,"customer_id":24065},{"name":"Antonio Williams II","email":"casey67@example.org","address":"9890 Liu Haven Apt. 650","city":"Lynchburg","state":"VA","zip_code":"41955","operation":"NEW","timestamp":1641671437,"customer_id":24066},{"name":"Nathan Bush","email":"gashley@example.com","address":"3395 Linda Wall","city":"Tacoma","state":"WA","zip_code":"01155","operation":"NEW","timestamp":1641608087,"customer_id":24067},{"name":"Michael Wood","email":"jgallegos@example.org","address":"55753 Tamara Oval Suite 972","city":"North Little Rock","state":"AR","zip_code":"05448","operation":"NEW","timestamp":1641677479,"customer_id":24068},{"name":"Michelle Fisher","email":"egriffin@example.com","address":"17725 Williams Trail","city":"San Saba","state":"TX","zip_code":"30263","operation":"NEW","timestamp":1641637625,"customer_id":24069},{"name":"Justin Diaz","email":"danmartinez@example.org","address":"904 Katherine Shores","city":"Capitola","state":"CA","zip_code":"73473","operation":"UPDATE","timestamp":1641629662,"customer_id":22701},{"name":"Erin Hernandez","email":"leblancangela@example.net","address":"385 Deborah Orchard","city":"Fairview Heights","state":"IL","zip_code":"31048","operation":"UPDATE","timestamp":1641642674,"customer_id":23346},{"name":"Lisa Stewart","email":"walkerjames@example.net","address":"87087 Krista Falls","city":"Novi","state":"MI","zip_code":"99556","operation":"UPDATE","timestamp":1641631375,"customer_id":22962},{"name":"Emily Marks","email":"uthompson@example.net","address":"11357 Jason Drive Apt. 615","city":"Lino Lakes","state":"MN","zip_code":"17123","operation":"UPDATE","timestamp":1641601201,"customer_id":23750},{"name":"Tracy Horne","email":"carrillojasmine@example.org","address":"4817 Meyer Light Suite 123","city":"St. George","state":"UT","zip_code":"50799","operation":"UPDATE","timestamp":1641640535,"customer_id":24003},{"name":"Alexander Hill","email":"sjohnson@example.com","address":"019 Amy Trace Apt. 101","city":"Laguna Beach","state":"CA","zip_code":"42907","operation":"UPDATE","timestamp":1641620304,"customer_id":23915},{"name":null,"email":null,"address":null,"city":null,"state":null,"zip_code":null,"operation":"DELETE","timestamp":1641681846,"customer_id":24029},{"name":null,"email":null,"address":null,"city":null,"state":null,"zip_code":null,"operation":"DELETE","timestamp":1641634787,"customer_id":23649}]