[{"name":"Albert Hamilton","email":"utanner@example.net","address":"626 Lucas Crest","city":"New York","state":"NY","zip_code":"92840","operation":"NEW","timestamp":1642001573,"customer_id":24100},{"name":"Julie Ramirez MD","email":"terrijohnson@example.com","address":"251 Kelly Isle","city":"Rockford","state":"MN","zip_code":"75715","operation":"NEW","timestamp":1641990392,"customer_id":24101},{"name":"Patrick Thomas","email":"timothy01@example.com","address":"30442 Catherine Port Apt. 519","city":"Chesapeake","state":"VA","zip_code":"73689","operation":"NEW","timestamp":1641996645,"customer_id":24102},{"name":"Michael Tran","email":"blake16@example.net","address":"75149 William Summit Apt. 233","city":"Presidio","state":"TX","zip_code":"81710","operation":"NEW","timestamp":1641970640,"customer_id":24103},{"name":"Mark Phillips","email":"hfletcher@example.net","address":"2213 Kyle Skyway","city":"Vineland","state":"NJ","zip_code":"94308","operation":"NEW","timestamp":1641946446,"customer_id":24104},{"name":"Mark Vaughn","email":"pward@example.org","address":"39262 Cardenas Tunnel","city":"Middleton","state":"WI","zip_code":"69533","operation":"NEW","timestamp":1641978998,"customer_id":24105},{"name":"Edward Hill","email":"sanfordrobert@example.org","address":"63331 Daniels Crescent Apt. 044","city":"Del Rio","state":"TX","zip_code":"13003","operation":"NEW","timestamp":1641989552,"customer_id":24106},{"name":"Susan Oconnor","email":"cconley@example.net","address":"6203 Andrea Passage Suite 350","city":"Albuquerque","state":"NM","zip_code":"87412","operation":"NEW","timestamp":1642022239,"customer_id":24107},{"name":"Kevin Gonzalez","email":"peterperez@example.com","address":"96478 Jacob Summit Apt. 681","city":"San Diego","state":"CA","zip_code":"92589","operation":"NEW","timestamp":1641946007,"customer_id":24108},{"name":"Tracey Warren","email":"lisa86@example.org","address":"356 Samuel Plains Suite 799","city":"Baltimore","state":"MD","zip_code":"26183","operation":"NEW","timestamp":1641989434,"customer_id":24109},{"name":"Christopher Miller","email":"bushlynn@example.net","address":"60638 Hines Trail","city":"New York","state":"NY","zip_code":"76198","operation":"UPDATE","timestamp":1642021411,"customer_id":23295},{"name":"Angela Evans","email":"emelton@example.org","address":"29099 Davis Circle","city":"Folsom","state":"CA","zip_code":"64719","operation":"UPDATE","timestamp":1641997752,"customer_id":22895},{"name":"Zachary Walker","email":"littleangela@example.net","address":"31239 Miguel Brooks Suite 901","city":"Coos Bay","state":"OR","zip_code":"44899","operation":"UPDATE","timestamp":1641993955,"customer_id":23982},{"name":"Sabrina Edwards","email":"xwatson@example.org","address":"0919 Cooper Course","city":"Waterbury","state":"CT","zip_code":"75157","operation":"UPDATE","timestamp":1641945934,"customer_id":23486},{"name":"Kimberly Blake","email":"scox@example.com","address":"02498 Mark Junctions Suite 273","city":"Detroit","state":"MI","zip_code":"76746","operation":"UPDATE","timestamp":1641977870,"customer_id":23769},{"name":"Tyrone Hubbard","email":"derek11@example.org","address":"197 Brenda Trafficway","city":"North Las Vegas","state":"NV","zip_code":"63293","operation":"UPDATE","timestamp":1641957933,"customer_id":23633},{"name":"Carl Jenkins","email":"slamb@example.net","address":"927 Amber Mission Suite 083","city":"Winston-Salem","state":"NC","zip_code":"24876","operation":"UPDATE","timestamp":1642017250,"customer_id":23531},{"name":"Kayla Carson","email":"lindsay14@example.net","address":"9949 Joy Mission","city":"Houston","state":"TX","zip_code":"98846","operation":"UPDATE","timestamp":1642010788,"customer_id":24015},{"name":"Derrick Fox","email":"joshuawatkins@example.net","address":"6659 Thompson Mount Apt. 835","city":"Andrews","state":"TX","zip_code":"09847","operation":"UPDATE","timestamp":1641963165,"customer_id":22914},{"name":"Mr. Jose Davis","email":"jamie97@example.com","address":"904 Jennifer Run Suite 715","city":"Olathe","state":"KS","zip_code":"68923","operation":"UPDATE","timestamp":1641987624,"customer_id":23079},{"name":"Michael Martin","email":"dunnjeremy@example.org","address":"59480 Julie Roads","city":"New York","state":"NY","zip_code":"62353","operation":"UPDATE","timestamp":1642024872,"customer_id":23227},{"name":null,"email":null,"address":null,"city":null,"state":null,"zip_code":null,"operation":"DELETE","timestamp":1641970852,"customer_id":23470}]