[{"name":"Allison Campbell","email":"gutierrezlaura@example.com","address":"814 Jenkins Pass Apt. 222","city":"Bethel Heights","state":"AR","zip_code":"17547","operation":"NEW","timestamp":1642313532,"customer_id":24138},{"name":"Emily Fernandez","email":"kevinhernandez@example.com","address":"2907 Ernest Ways Suite 370","city":"Kansas City","state":"MO","zip_code":"76712","operation":"NEW","timestamp":1642325448,"customer_id":24139},{"name":"Felicia Sanchez","email":"jasonday@example.net","address":"0078 Lori Groves Apt. 251","city":"Durham","state":"NC","zip_code":"03157","operation":"NEW","timestamp":1642351527,"customer_id":24140},{"name":"Brian Cross","email":"ana45@example.net","address":"24384 Jones Unions","city":"La Mesa","state":"CA","zip_code":"77526","operation":"NEW","timestamp":1642364069,"customer_id":24141},{"name":"Walter Faulkner","email":"clarkmary@example.org","address":"114 Oconnor Viaduct Suite 722","city":"Bristol","state":"CT","zip_code":"65018","operation":"NEW","timestamp":1642314009,"customer_id":24142},{"name":"Brittany Smith","email":"bushlisa@example.org","address":"360 Jacqueline Lights Apt. 630","city":"San Jose","state":"CA","zip_code":"23247","operation":"NEW","timestamp":1642358570,"customer_id":24143},{"name":"Andrew Smith","email":"bradjohnson@example.org","address":"95354 Pearson Overpass","city":"Streetsboro","state":"OH","zip_code":"05952","operation":"NEW","timestamp":1642309986,"customer_id":24144},{"name":"Ryan Cox","email":"jacksonbrandon@example.org","address":"24180 Wendy Center","city":"Bell Gardens","state":"CA","zip_code":"07657","operation":"NEW","timestamp":1642297028,"customer_id":24145},{"name":"Kristy Taylor","email":"echan@example.net","address":"34863 Guzman Court","city":"Houston","state":"TX","zip_code":"10496","operation":"UPDATE","timestamp":1642335300,"customer_id":23604},{"name":"Emily Chambers","email":"halevanessa@example.com","address":"941 Patricia Lane","city":"Phoenix","state":"AZ","zip_code":"43651","operation":"UPDATE","timestamp":1642292715,"customer_id":23684},{"name":null,"email":null,"address":null,"city":null,"state":null,"zip_code":null,"operation":"DELETE","timestamp":1642342297,"customer_id":24122},{"name":null,"email":null,"address":null,"city":null,"state":null,"zip_code":null,"operation":"DELETE","timestamp":1642301113,"customer_id":23904}]