[{"name":"Lindsey Barnes","email":"zhansen@example.org","address":"26693 Charles Road Suite 145","city":"Glenwood","state":"IA","zip_code":"64561","operation":"NEW","timestamp":1642715798,"customer_id":24175},{"name":"Christopher Brown","email":"michele29@example.com","address":"641 Tabitha View Suite 647","city":"Tucson","state":"AZ","zip_code":"84756","operation":"NEW","timestamp":1642709683,"customer_id":24176},{"name":"Jessica James","email":"brenda32@example.com","address":"5402 Ward Dale","city":"Daphne","state":"AL","zip_code":"18146","operation":"NEW","timestamp":1642701050,"customer_id":24177},{"name":"Dakota Santos","email":"bwood@example.com","address":"1463 Griffin Isle","city":"North Port","state":"FL","zip_code":"66438","operation":"NEW","timestamp":1642692620,"customer_id":24178},{"name":"Molly Logan","email":"gomezpaige@example.com","address":"466 Elizabeth Lake Suite 062","city":"Toledo","state":"OH","zip_code":"32682","operation":"NEW","timestamp":1642687392,"customer_id":24179},{"name":"Patrick Burns","email":"stevenjohnson@example.net","address":"58862 David Circle Apt. 527","city":"Aberdeen","state":"WA","zip_code":"32361","operation":"NEW","timestamp":1642668069,"customer_id":24180},{"name":"Michael Martinez","email":"alexander95@example.com","address":"1818 Julie Stravenue Apt. 271","city":"Gladwin","state":"MI","zip_code":"61513","operation":"NEW","timestamp":1642681591,"customer_id":24181},{"name":"Michael Harris","email":"cbenson@example.org","address":"177 Christopher Glens","city":"Xenia","state":"OH","zip_code":"78279","operation":"NEW","timestamp":1642651647,"customer_id":24182},{"name":"Martin Wood Jr.","email":"jessica33@example.com","address":"971 Jason Turnpike","city":"Keene","state":"NH","zip_code":"43893","operation":"NEW","timestamp":1642686353,"customer_id":24183},{"name":"Michael Johnson","email":"umiller@example.net","address":"20844 Norris Tunnel Apt. 785","city":"Jersey City","state":"NJ","zip_code":"87594","operation":"UPDATE","timestamp":1642654996,"customer_id":23524},{"name":"Miss Peggy Cox","email":"samuelali@example.net","address":"85205 Diaz Knoll Apt. 207","city":"Dania Beach","state":"FL","zip_code":"12485","operation":"UPDATE","timestamp":1642668513,"customer_id":23447},{"name":"John Martin","email":"emilywheeler@example.net","address":"637 Sabrina Circles","city":"Buford","state":"GA","zip_code":"96377","operation":"UPDATE","timestamp":1642688832,"customer_id":24131},{"name":"Joshua Warren","email":"frenchmegan@example.com","address":"6735 Arthur Squares Apt. 101","city":"Poplar Bluff","state":"MO","zip_code":"03722","operation":"UPDATE","timestamp":1642683035,"customer_id":22599},{"name":"Matthew Silva","email":"uwiggins@example.net","address":"5804 Victoria Vista","city":"Portage","state":"MI","zip_code":"05677","operation":"UPDATE","timestamp":1642645119,"customer_id":23271},{"name":null,"email":null,"address":null,"city":null,"state":null,"zip_code":null,"operation":"DELETE","timestamp":1642662438,"customer_id":22459}]