[{"customer_id":23335,"order_timestamp":1641602534,"notifications":"Y","order_id":75468},{"customer_id":23981,"order_timestamp":1641604945,"notifications":"Y","order_id":75469},{"customer_id":23724,"order_timestamp":1641605867,"notifications":"Y","order_id":75470},{"customer_id":23897,"order_timestamp":1641615088,"notifications":"Y","order_id":75471},{"customer_id":23202,"order_timestamp":1641619490,"notifications":"Y","order_id":75472},{"customer_id":23316,"order_timestamp":1641620763,"notifications":"N","order_id":75473},{"customer_id":23540,"order_timestamp":1641622121,"notifications":"Y","order_id":75474},{"customer_id":23334,"order_timestamp":1641622443,"notifications":"Y","order_id":75475},{"customer_id":23106,"order_timestamp":1641625925,"notifications":"Y","order_id":75476},{"customer_id":23064,"order_timestamp":1641626770,"notifications":"Y","order_id":75477},{"customer_id":23383,"order_timestamp":1641627893,"notifications":"Y","order_id":75478},{"customer_id":22369,"order_timestamp":1641630378,"notifications":"N","order_id":75479},{"customer_id":22169,"order_timestamp":1641637170,"notifications":"Y","order_id":75480},{"customer_id":23560,"order_timestamp":1641640078,"notifications":"Y","order_id":75481},{"customer_id":23930,"order_timestamp":1641645413,"notifications":"Y","order_id":75482},{"customer_id":24003,"order_timestamp":1641645829,"notifications":"Y","order_id":75483},{"customer_id":22905,"order_timestamp":1641645873,"notifications":"Y","order_id":75484},{"customer_id":23887,"order_timestamp":1641648061,"notifications":"Y","order_id":75485},{"customer_id":23312,"order_timestamp":1641655092,"notifications":"Y","order_id":75486},{"customer_id":23762,"order_timestamp":1641662985,"notifications":"Y","order_id":75487},{"customer_id":22277,"order_timestamp":1641671896,"notifications":"Y","order_id":75488},{"customer_id":23744,"order_timestamp":1641673161,"notifications":"N","order_id":75489},{"customer_id":22590,"order_timestamp":1641674234,"notifications":"Y","order_id":75490},{"customer_id":23719,"order_timestamp":1641677244,"notifications":"Y","order_id":75491},{"customer_id":22347,"order_timestamp":1641679090,"notifications":"N","order_id":75492}]