[{"customer_id":23624,"order_timestamp":1642206837,"notifications":"Y","order_id":75646},{"customer_id":24104,"order_timestamp":1642208137,"notifications":"Y","order_id":75647},{"customer_id":22196,"order_timestamp":1642213775,"notifications":"N","order_id":75648},{"customer_id":23308,"order_timestamp":1642214248,"notifications":"N","order_id":75649},{"customer_id":23502,"order_timestamp":1642215304,"notifications":"N","order_id":75650},{"customer_id":23374,"order_timestamp":1642217779,"notifications":"N","order_id":75651},{"customer_id":24079,"order_timestamp":1642219008,"notifications":"N","order_id":75652},{"customer_id":22330,"order_timestamp":1642225279,"notifications":"Y","order_id":75653},{"customer_id":23428,"order_timestamp":1642226161,"notifications":"N","order_id":75654},{"customer_id":23926,"order_timestamp":1642233711,"notifications":"Y","order_id":75655},{"customer_id":23145,"order_timestamp":1642234342,"notifications":"Y","order_id":75656},{"customer_id":23801,"order_timestamp":1642238370,"notifications":"N","order_id":75657},{"customer_id":24085,"order_timestamp":1642239466,"notifications":"N","order_id":75658},{"customer_id":23434,"order_timestamp":1642239621,"notifications":"Y","order_id":75659},{"customer_id":23750,"order_timestamp":1642241145,"notifications":"Y","order_id":75660},{"customer_id":23219,"order_timestamp":1642242725,"notifications":"Y","order_id":75661},{"customer_id":24070,"order_timestamp":1642243674,"notifications":"Y","order_id":75662},{"customer_id":23532,"order_timestamp":1642246229,"notifications":"Y","order_id":75663},{"customer_id":23868,"order_timestamp":1642259009,"notifications":"N","order_id":75664},{"customer_id":23466,"order_timestamp":1642259300,"notifications":"Y","order_id":75665},{"customer_id":23786,"order_timestamp":1642262772,"notifications":"Y","order_id":75666},{"customer_id":23129,"order_timestamp":1642270007,"notifications":"N","order_id":75667},{"customer_id":23116,"order_timestamp":1642273683,"notifications":"N","order_id":75668},{"customer_id":23746,"order_timestamp":1642277465,"notifications":"Y","order_id":75669},{"customer_id":23175,"order_timestamp":1642281369,"notifications":"Y","order_id":75670},{"customer_id":23574,"order_timestamp":1642283450,"notifications":"Y","order_id":75671}]