[{"customer_id":23778,"order_timestamp":1642292348,"notifications":"N","order_id":75672},{"customer_id":23638,"order_timestamp":1642295119,"notifications":"Y","order_id":75673},{"customer_id":23331,"order_timestamp":1642296126,"notifications":"Y","order_id":75674},{"customer_id":24094,"order_timestamp":1642297105,"notifications":"Y","order_id":75675},{"customer_id":23339,"order_timestamp":1642306307,"notifications":"Y","order_id":75676},{"customer_id":24100,"order_timestamp":1642306761,"notifications":"Y","order_id":75677},{"customer_id":23848,"order_timestamp":1642308857,"notifications":"Y","order_id":75678},{"customer_id":23869,"order_timestamp":1642313565,"notifications":"Y","order_id":75679},{"customer_id":23640,"order_timestamp":1642321449,"notifications":"Y","order_id":75680},{"customer_id":23772,"order_timestamp":1642322529,"notifications":"Y","order_id":75681},{"customer_id":23129,"order_timestamp":1642322922,"notifications":"Y","order_id":75682},{"customer_id":23505,"order_timestamp":1642326074,"notifications":"N","order_id":75683},{"customer_id":23216,"order_timestamp":1642326113,"notifications":"Y","order_id":75684},{"customer_id":23336,"order_timestamp":1642334273,"notifications":"Y","order_id":75685},{"customer_id":22330,"order_timestamp":1642342883,"notifications":"Y","order_id":75686},{"customer_id":24010,"order_timestamp":1642344002,"notifications":"Y","order_id":75687},{"customer_id":23858,"order_timestamp":1642344187,"notifications":"N","order_id":75688},{"customer_id":24078,"order_timestamp":1642352230,"notifications":"Y","order_id":75689},{"customer_id":23420,"order_timestamp":1642354450,"notifications":"Y","order_id":75690},{"customer_id":23546,"order_timestamp":1642355889,"notifications":"Y","order_id":75691},{"customer_id":23298,"order_timestamp":1642362000,"notifications":"N","order_id":75692},{"customer_id":24026,"order_timestamp":1642364458,"notifications":"N","order_id":75693},{"customer_id":24019,"order_timestamp":1642364902,"notifications":"Y","order_id":75694},{"customer_id":23373,"order_timestamp":1642371046,"notifications":"Y","order_id":75695},{"customer_id":23208,"order_timestamp":1642372337,"notifications":"N","order_id":75696}]