[{"customer_id":23116,"order_timestamp":1642724308,"notifications":"N","order_id":75798},{"customer_id":23537,"order_timestamp":1642729261,"notifications":"Y","order_id":75799},{"customer_id":23324,"order_timestamp":1642730571,"notifications":"N","order_id":75800},{"customer_id":23693,"order_timestamp":1642731567,"notifications":"Y","order_id":75801},{"customer_id":23996,"order_timestamp":1642741788,"notifications":"Y","order_id":75802},{"customer_id":22209,"order_timestamp":1642742058,"notifications":"Y","order_id":75803},{"customer_id":23965,"order_timestamp":1642745800,"notifications":"Y","order_id":75804},{"customer_id":23532,"order_timestamp":1642745918,"notifications":"N","order_id":75805},{"customer_id":23874,"order_timestamp":1642749532,"notifications":"N","order_id":75806},{"customer_id":23746,"order_timestamp":1642751432,"notifications":"Y","order_id":75807},{"customer_id":22196,"order_timestamp":1642751746,"notifications":"Y","order_id":75808},{"customer_id":24036,"order_timestamp":1642751831,"notifications":"Y","order_id":75809},{"customer_id":24076,"order_timestamp":1642756817,"notifications":"Y","order_id":75810},{"customer_id":23928,"order_timestamp":1642757935,"notifications":"N","order_id":75811},{"customer_id":23482,"order_timestamp":1642761366,"notifications":"Y","order_id":75812},{"customer_id":23271,"order_timestamp":1642767205,"notifications":"Y","order_id":75813},{"customer_id":23436,"order_timestamp":1642770039,"notifications":"Y","order_id":75814},{"customer_id":23540,"order_timestamp":1642771017,"notifications":"Y","order_id":75815},{"customer_id":22813,"order_timestamp":1642771356,"notifications":"Y","order_id":75816},{"customer_id":22213,"order_timestamp":1642782194,"notifications":"N","order_id":75817},{"customer_id":22658,"order_timestamp":1642789737,"notifications":"Y","order_id":75818},{"customer_id":23230,"order_timestamp":1642791006,"notifications":"Y","order_id":75819},{"customer_id":23128,"order_timestamp":1642800098,"notifications":"Y","order_id":75820}]