[{"customer_id":23066,"order_timestamp":1642813983,"notifications":"Y","order_id":75821},{"customer_id":24143,"order_timestamp":1642815002,"notifications":"Y","order_id":75822},{"customer_id":23648,"order_timestamp":1642818847,"notifications":"Y","order_id":75823},{"customer_id":23243,"order_timestamp":1642826192,"notifications":"Y","order_id":75824},{"customer_id":23456,"order_timestamp":1642828031,"notifications":"Y","order_id":75825},{"customer_id":23063,"order_timestamp":1642831328,"notifications":"Y","order_id":75826},{"customer_id":23877,"order_timestamp":1642843148,"notifications":"Y","order_id":75827},{"customer_id":23328,"order_timestamp":1642847384,"notifications":"N","order_id":75828},{"customer_id":23883,"order_timestamp":1642849678,"notifications":"Y","order_id":75829},{"customer_id":23278,"order_timestamp":1642853084,"notifications":"N","order_id":75830},{"customer_id":23509,"order_timestamp":1642853580,"notifications":"Y","order_id":75831},{"customer_id":23863,"order_timestamp":1642857457,"notifications":"Y","order_id":75832},{"customer_id":23080,"order_timestamp":1642858962,"notifications":"Y","order_id":75833},{"customer_id":24102,"order_timestamp":1642861444,"notifications":"Y","order_id":75834},{"customer_id":24194,"order_timestamp":1642861897,"notifications":"Y","order_id":75835},{"customer_id":23734,"order_timestamp":1642862268,"notifications":"Y","order_id":75836},{"customer_id":23543,"order_timestamp":1642869514,"notifications":"N","order_id":75837},{"customer_id":23234,"order_timestamp":1642873135,"notifications":"Y","order_id":75838},{"customer_id":23523,"order_timestamp":1642876072,"notifications":"N","order_id":75839},{"customer_id":24129,"order_timestamp":1642876392,"notifications":"Y","order_id":75840},{"customer_id":22922,"order_timestamp":1642879505,"notifications":"Y","order_id":75841},{"customer_id":22321,"order_timestamp":1642880967,"notifications":"Y","order_id":75842},{"customer_id":23501,"order_timestamp":1642881112,"notifications":"Y","order_id":75843},{"customer_id":23686,"order_timestamp":1642884260,"notifications":"Y","order_id":75844}]