[{"customer_id":23878,"order_timestamp":1643502126,"notifications":"Y","order_id":76015},{"customer_id":23061,"order_timestamp":1643503303,"notifications":"N","order_id":76016},{"customer_id":23157,"order_timestamp":1643504407,"notifications":"Y","order_id":76017},{"customer_id":23229,"order_timestamp":1643506465,"notifications":"N","order_id":76018},{"customer_id":23156,"order_timestamp":1643508201,"notifications":"Y","order_id":76019},{"customer_id":24097,"order_timestamp":1643515302,"notifications":"N","order_id":76020},{"customer_id":23473,"order_timestamp":1643523528,"notifications":"N","order_id":76021},{"customer_id":24187,"order_timestamp":1643528403,"notifications":"Y","order_id":76022},{"customer_id":24051,"order_timestamp":1643528978,"notifications":"Y","order_id":76023},{"customer_id":24040,"order_timestamp":1643534443,"notifications":"Y","order_id":76024},{"customer_id":24068,"order_timestamp":1643534862,"notifications":"Y","order_id":76025},{"customer_id":24124,"order_timestamp":1643535136,"notifications":"Y","order_id":76026},{"customer_id":23310,"order_timestamp":1643536357,"notifications":"Y","order_id":76027},{"customer_id":24260,"order_timestamp":1643539755,"notifications":"Y","order_id":76028},{"customer_id":23879,"order_timestamp":1643546069,"notifications":"Y","order_id":76029},{"customer_id":23460,"order_timestamp":1643546202,"notifications":"Y","order_id":76030},{"customer_id":23408,"order_timestamp":1643554093,"notifications":"Y","order_id":76031},{"customer_id":23418,"order_timestamp":1643555698,"notifications":"Y","order_id":76032},{"customer_id":23145,"order_timestamp":1643562709,"notifications":"Y","order_id":76033},{"customer_id":23938,"order_timestamp":1643564612,"notifications":"Y","order_id":76034},{"customer_id":23349,"order_timestamp":1643566677,"notifications":"N","order_id":76035},{"customer_id":23679,"order_timestamp":1643567288,"notifications":"Y","order_id":76036},{"customer_id":23590,"order_timestamp":1643573678,"notifications":"Y","order_id":76037},{"customer_id":23976,"order_timestamp":1643577897,"notifications":"Y","order_id":76038},{"customer_id":23579,"order_timestamp":1643582090,"notifications":"Y","order_id":76039}]