[{"order_id":75123,"status_timestamp":1640392092,"order_status":"placed"},{"order_id":75124,"status_timestamp":1640392500,"order_status":"placed"},{"order_id":75125,"status_timestamp":1640394862,"order_status":"placed"},{"order_id":75126,"status_timestamp":1640396067,"order_status":"placed"},{"order_id":75127,"status_timestamp":1640399066,"order_status":"placed"},{"order_id":75128,"status_timestamp":1640404853,"order_status":"placed"},{"order_id":75129,"status_timestamp":1640407272,"order_status":"placed"},{"order_id":75130,"status_timestamp":1640419989,"order_status":"placed"},{"order_id":75131,"status_timestamp":1640422131,"order_status":"placed"},{"order_id":75132,"status_timestamp":1640423697,"order_status":"placed"},{"order_id":75133,"status_timestamp":1640427687,"order_status":"placed"},{"order_id":75134,"status_timestamp":1640427813,"order_status":"placed"},{"order_id":75135,"status_timestamp":1640432499,"order_status":"placed"},{"order_id":75136,"status_timestamp":1640433629,"order_status":"placed"},{"order_id":75137,"status_timestamp":1640434907,"order_status":"placed"},{"order_id":75138,"status_timestamp":1640438599,"order_status":"placed"},{"order_id":75139,"status_timestamp":1640441108,"order_status":"placed"},{"order_id":75140,"status_timestamp":1640442728,"order_status":"placed"},{"order_id":75141,"status_timestamp":1640442982,"order_status":"placed"},{"order_id":75142,"status_timestamp":1640444289,"order_status":"placed"},{"order_id":75143,"status_timestamp":1640444735,"order_status":"placed"},{"order_id":75144,"status_timestamp":1640453556,"order_status":"placed"},{"order_id":75145,"status_timestamp":1640454027,"order_status":"placed"},{"order_id":75146,"status_timestamp":1640469617,"order_status":"placed"},{"order_id":75147,"status_timestamp":1640469849,"order_status":"placed"},{"order_id":75148,"status_timestamp":1640470511,"order_status":"placed"},{"order_id":75149,"status_timestamp":1640476865,"order_status":"placed"},{"order_id":75150,"status_timestamp":1640479937,"order_status":"placed"},{"order_id":75151,"status_timestamp":1640480642,"order_status":"placed"},{"order_id":75152,"status_timestamp":1640489317,"order_status":"placed"},{"order_id":75153,"status_timestamp":1640490661,"order_status":"placed"},{"order_id":75154,"status_timestamp":1640491953,"order_status":"placed"},{"order_id":75155,"status_timestamp":1640500820,"order_status":"placed"},{"order_id":75156,"status_timestamp":1640506768,"order_status":"placed"},{"order_id":75157,"status_timestamp":1640514816,"order_status":"placed"},{"order_id":75158,"status_timestamp":1640516867,"order_status":"placed"},{"order_id":75159,"status_timestamp":1640516913,"order_status":"placed"},{"order_id":75160,"status_timestamp":1640517492,"order_status":"placed"},{"order_id":75161,"status_timestamp":1640521294,"order_status":"placed"},{"order_id":75162,"status_timestamp":1640526465,"order_status":"placed"},{"order_id":75163,"status_timestamp":1640526485,"order_status":"placed"},{"order_id":75164,"status_timestamp":1640526860,"order_status":"placed"},{"order_id":75165,"status_timestamp":1640532784,"order_status":"placed"},{"order_id":75166,"status_timestamp":1640534000,"order_status":"placed"},{"order_id":75167,"status_timestamp":1640534721,"order_status":"placed"},{"order_id":75168,"status_timestamp":1640548053,"order_status":"placed"},{"order_id":75169,"status_timestamp":1640548610,"order_status":"placed"},{"order_id":75170,"status_timestamp":1640548846,"order_status":"placed"},{"order_id":75171,"status_timestamp":1640552043,"order_status":"placed"},{"order_id":75172,"status_timestamp":1640552112,"order_status":"placed"},{"order_id":75173,"status_timestamp":1640553981,"order_status":"placed"},{"order_id":75174,"status_timestamp":1640564080,"order_status":"placed"},{"order_id":75175,"status_timestamp":1640567847,"order_status":"placed"},{"order_id":75176,"status_timestamp":1640569060,"order_status":"placed"},{"order_id":75177,"status_timestamp":1640574553,"order_status":"placed"},{"order_id":75178,"status_timestamp":1640575274,"order_status":"placed"},{"order_id":75179,"status_timestamp":1640575962,"order_status":"placed"},{"order_id":75180,"status_timestamp":1640580049,"order_status":"placed"},{"order_id":75181,"status_timestamp":1640582140,"order_status":"placed"},{"order_id":75182,"status_timestamp":1640587536,"order_status":"placed"},{"order_id":75183,"status_timestamp":1640594017,"order_status":"placed"},{"order_id":75184,"status_timestamp":1640603248,"order_status":"placed"},{"order_id":75185,"status_timestamp":1640611591,"order_status":"placed"},{"order_id":75186,"status_timestamp":1640613010,"order_status":"placed"},{"order_id":75187,"status_timestamp":1640618976,"order_status":"placed"},{"order_id":75188,"status_timestamp":1640620853,"order_status":"placed"},{"order_id":75189,"status_timestamp":1640625214,"order_status":"placed"},{"order_id":75190,"status_timestamp":1640625322,"order_status":"placed"},{"order_id":75191,"status_timestamp":1640625597,"order_status":"placed"},{"order_id":75192,"status_timestamp":1640631831,"order_status":"placed"},{"order_id":75193,"status_timestamp":1640631849,"order_status":"placed"},{"order_id":75194,"status_timestamp":1640633377,"order_status":"placed"},{"order_id":75195,"status_timestamp":1640637588,"order_status":"placed"},{"order_id":75196,"status_timestamp":1640642842,"order_status":"placed"},{"order_id":75197,"status_timestamp":1640643224,"order_status":"placed"},{"order_id":75198,"status_timestamp":1640643721,"order_status":"placed"},{"order_id":75199,"status_timestamp":1640653481,"order_status":"placed"},{"order_id":75200,"status_timestamp":1640660661,"order_status":"placed"},{"order_id":75201,"status_timestamp":1640665029,"order_status":"placed"},{"order_id":75202,"status_timestamp":1640665868,"order_status":"placed"},{"order_id":75203,"status_timestamp":1640665971,"order_status":"placed"},{"order_id":75204,"status_timestamp":1640671232,"order_status":"placed"},{"order_id":75205,"status_timestamp":1640672063,"order_status":"placed"},{"order_id":75206,"status_timestamp":1640675667,"order_status":"placed"},{"order_id":75207,"status_timestamp":1640675687,"order_status":"placed"},{"order_id":75208,"status_timestamp":1640678086,"order_status":"placed"},{"order_id":75209,"status_timestamp":1640681064,"order_status":"placed"},{"order_id":75210,"status_timestamp":1640682880,"order_status":"placed"},{"order_id":75211,"status_timestamp":1640684944,"order_status":"placed"},{"order_id":75212,"status_timestamp":1640690706,"order_status":"placed"},{"order_id":75213,"status_timestamp":1640691368,"order_status":"placed"},{"order_id":75214,"status_timestamp":1640691634,"order_status":"placed"},{"order_id":75215,"status_timestamp":1640696465,"order_status":"placed"},{"order_id":75216,"status_timestamp":1640706768,"order_status":"placed"},{"order_id":75217,"status_timestamp":1640717605,"order_status":"placed"},{"order_id":75218,"status_timestamp":1640721908,"order_status":"placed"},{"order_id":75219,"status_timestamp":1640725566,"order_status":"placed"},{"order_id":75220,"status_timestamp":1640726897,"order_status":"placed"},{"order_id":75221,"status_timestamp":1640730881,"order_status":"placed"},{"order_id":75222,"status_timestamp":1640731443,"order_status":"placed"},{"order_id":75223,"status_timestamp":1640732281,"order_status":"placed"},{"order_id":75224,"status_timestamp":1640737911,"order_status":"placed"},{"order_id":75225,"status_timestamp":1640741859,"order_status":"placed"},{"order_id":75226,"status_timestamp":1640743461,"order_status":"placed"},{"order_id":75227,"status_timestamp":1640744138,"order_status":"placed"},{"order_id":75228,"status_timestamp":1640745536,"order_status":"placed"},{"order_id":75229,"status_timestamp":1640745939,"order_status":"placed"},{"order_id":75230,"status_timestamp":1640751789,"order_status":"placed"},{"order_id":75231,"status_timestamp":1640753686,"order_status":"placed"},{"order_id":75232,"status_timestamp":1640754906,"order_status":"placed"},{"order_id":75233,"status_timestamp":1640755409,"order_status":"placed"},{"order_id":75234,"status_timestamp":1640755921,"order_status":"placed"},{"order_id":75235,"status_timestamp":1640758650,"order_status":"placed"},{"order_id":75236,"status_timestamp":1640763112,"order_status":"placed"},{"order_id":75237,"status_timestamp":1640781747,"order_status":"placed"},{"order_id":75238,"status_timestamp":1640790253,"order_status":"placed"},{"order_id":75239,"status_timestamp":1640799146,"order_status":"placed"},{"order_id":75240,"status_timestamp":1640799965,"order_status":"placed"},{"order_id":75241,"status_timestamp":1640800237,"order_status":"placed"},{"order_id":75242,"status_timestamp":1640803027,"order_status":"placed"},{"order_id":75243,"status_timestamp":1640805315,"order_status":"placed"},{"order_id":75244,"status_timestamp":1640808136,"order_status":"placed"},{"order_id":75245,"status_timestamp":1640809481,"order_status":"placed"},{"order_id":75246,"status_timestamp":1640810227,"order_status":"placed"},{"order_id":75247,"status_timestamp":1640812303,"order_status":"placed"},{"order_id":75248,"status_timestamp":1640815265,"order_status":"placed"},{"order_id":75249,"status_timestamp":1640828420,"order_status":"placed"},{"order_id":75250,"status_timestamp":1640830827,"order_status":"placed"},{"order_id":75251,"status_timestamp":1640837025,"order_status":"placed"},{"order_id":75252,"status_timestamp":1640837290,"order_status":"placed"},{"order_id":75253,"status_timestamp":1640837302,"order_status":"placed"},{"order_id":75254,"status_timestamp":1640852084,"order_status":"placed"},{"order_id":75255,"status_timestamp":1640857299,"order_status":"placed"},{"order_id":75256,"status_timestamp":1640858077,"order_status":"placed"},{"order_id":75257,"status_timestamp":1640859758,"order_status":"placed"},{"order_id":75258,"status_timestamp":1640862499,"order_status":"placed"},{"order_id":75259,"status_timestamp":1640864646,"order_status":"placed"},{"order_id":75260,"status_timestamp":1640867193,"order_status":"placed"},{"order_id":75261,"status_timestamp":1640869044,"order_status":"placed"},{"order_id":75262,"status_timestamp":1640869535,"order_status":"placed"},{"order_id":75263,"status_timestamp":1640869633,"order_status":"placed"},{"order_id":75264,"status_timestamp":1640886912,"order_status":"placed"},{"order_id":75265,"status_timestamp":1640888803,"order_status":"placed"},{"order_id":75266,"status_timestamp":1640889524,"order_status":"placed"},{"order_id":75267,"status_timestamp":1640889752,"order_status":"placed"},{"order_id":75268,"status_timestamp":1640893693,"order_status":"placed"},{"order_id":75269,"status_timestamp":1640895938,"order_status":"placed"},{"order_id":75270,"status_timestamp":1640898363,"order_status":"placed"},{"order_id":75271,"status_timestamp":1640902531,"order_status":"placed"},{"order_id":75272,"status_timestamp":1640904968,"order_status":"placed"},{"order_id":75273,"status_timestamp":1640909763,"order_status":"placed"},{"order_id":75274,"status_timestamp":1640911244,"order_status":"placed"},{"order_id":75275,"status_timestamp":1640911324,"order_status":"placed"},{"order_id":75276,"status_timestamp":1640914350,"order_status":"placed"},{"order_id":75277,"status_timestamp":1640922137,"order_status":"placed"},{"order_id":75278,"status_timestamp":1640933033,"order_status":"placed"},{"order_id":75279,"status_timestamp":1640933550,"order_status":"placed"},{"order_id":75280,"status_timestamp":1640933653,"order_status":"placed"},{"order_id":75281,"status_timestamp":1640935059,"order_status":"placed"},{"order_id":75282,"status_timestamp":1640935106,"order_status":"placed"},{"order_id":75283,"status_timestamp":1640941395,"order_status":"placed"},{"order_id":75284,"status_timestamp":1640948702,"order_status":"placed"},{"order_id":75285,"status_timestamp":1640950790,"order_status":"placed"},{"order_id":75286,"status_timestamp":1640953620,"order_status":"placed"},{"order_id":75287,"status_timestamp":1640953917,"order_status":"placed"},{"order_id":75288,"status_timestamp":1640958185,"order_status":"placed"},{"order_id":75289,"status_timestamp":1640960321,"order_status":"placed"},{"order_id":75290,"status_timestamp":1640963057,"order_status":"placed"},{"order_id":75291,"status_timestamp":1640971896,"order_status":"placed"},{"order_id":75292,"status_timestamp":1640974381,"order_status":"placed"},{"order_id":75293,"status_timestamp":1640984029,"order_status":"placed"},{"order_id":75294,"status_timestamp":1640987218,"order_status":"placed"},{"order_id":75295,"status_timestamp":1640987527,"order_status":"placed"},{"order_id":75296,"status_timestamp":1640990674,"order_status":"placed"},{"order_id":75123,"status_timestamp":1640733966,"order_status":"preparing"},{"order_id":75123,"status_timestamp":1640549318,"order_status":"on the way"},{"order_id":75123,"status_timestamp":1640604626,"order_status":"delivered"},{"order_id":75124,"status_timestamp":1640611227,"order_status":"preparing"},{"order_id":75124,"status_timestamp":1640614308,"order_status":"on the way"},{"order_id":75124,"status_timestamp":1640620422,"order_status":"delivered"},{"order_id":75125,"status_timestamp":1640649784,"order_status":"preparing"},{"order_id":75125,"status_timestamp":1640585052,"order_status":"on the way"},{"order_id":75125,"status_timestamp":1640551040,"order_status":"delivered"},{"order_id":75126,"status_timestamp":1640527535,"order_status":"preparing"},{"order_id":75126,"status_timestamp":1640704683,"order_status":"on the way"},{"order_id":75126,"status_timestamp":1640691123,"order_status":"delivered"},{"order_id":75127,"status_timestamp":1640757766,"order_status":"preparing"},{"order_id":75127,"status_timestamp":1640490766,"order_status":"on the way"},{"order_id":75127,"status_timestamp":1640622174,"order_status":"delivered"},{"order_id":75128,"status_timestamp":1640694696,"order_status":"preparing"},{"order_id":75128,"status_timestamp":1640591516,"order_status":"on the way"},{"order_id":75128,"status_timestamp":1640541524,"order_status":"delivered"},{"order_id":75129,"status_timestamp":1640607087,"order_status":"preparing"},{"order_id":75129,"status_timestamp":1640558660,"order_status":"on the way"},{"order_id":75129,"status_timestamp":1640586354,"order_status":"delivered"},{"order_id":75129,"status_timestamp":1640526480,"order_status":"return requested"},{"order_id":75129,"status_timestamp":1640679266,"order_status":"return picked up"},{"order_id":75129,"status_timestamp":1640551850,"order_status":"return processed"},{"order_id":75130,"status_timestamp":1640561100,"order_status":"preparing"},{"order_id":75130,"status_timestamp":1640685673,"order_status":"on the way"},{"order_id":75130,"status_timestamp":1640563487,"order_status":"delivered"},{"order_id":75131,"status_timestamp":1640629446,"order_status":"preparing"},{"order_id":75131,"status_timestamp":1640658545,"order_status":"on the way"},{"order_id":75131,"status_timestamp":1640655450,"order_status":"delivered"},{"order_id":75132,"status_timestamp":1640563958,"order_status":"preparing"},{"order_id":75132,"status_timestamp":1640535996,"order_status":"on the way"},{"order_id":75132,"status_timestamp":1640513393,"order_status":"delivered"},{"order_id":75133,"status_timestamp":1640706688,"order_status":"preparing"},{"order_id":75133,"status_timestamp":1640813257,"order_status":"on the way"},{"order_id":75133,"status_timestamp":1640596175,"order_status":"delivered"},{"order_id":75134,"status_timestamp":1640522185,"order_status":"preparing"},{"order_id":75134,"status_timestamp":1640692779,"order_status":"on the way"},{"order_id":75134,"status_timestamp":1640583854,"order_status":"delivered"},{"order_id":75135,"status_timestamp":1640567596,"order_status":"preparing"},{"order_id":75135,"status_timestamp":1640537032,"order_status":"on the way"},{"order_id":75135,"status_timestamp":1640770405,"order_status":"delivered"},{"order_id":75135,"status_timestamp":1640733841,"order_status":"return requested"},{"order_id":75135,"status_timestamp":1640590929,"order_status":"return canceled"},{"order_id":75136,"status_timestamp":1640532486,"order_status":"preparing"},{"order_id":75136,"status_timestamp":1640779259,"order_status":"canceled"},{"order_id":75137,"status_timestamp":1640563763,"order_status":"preparing"},{"order_id":75137,"status_timestamp":1640540879,"order_status":"on the way"},{"order_id":75137,"status_timestamp":1640662194,"order_status":"delivered"},{"order_id":75138,"status_timestamp":1640586319,"order_status":"preparing"},{"order_id":75138,"status_timestamp":1640637697,"order_status":"on the way"},{"order_id":75138,"status_timestamp":1640672312,"order_status":"delivered"},{"order_id":75138,"status_timestamp":1640642698,"order_status":"return requested"},{"order_id":75138,"status_timestamp":1640729476,"order_status":"return picked up"},{"order_id":75138,"status_timestamp":1640678353,"order_status":"reported shipping error"},{"order_id":75139,"status_timestamp":1640638315,"order_status":"preparing"},{"order_id":75139,"status_timestamp":1640644462,"order_status":"on the way"},{"order_id":75139,"status_timestamp":1640720452,"order_status":"delivered"},{"order_id":75139,"status_timestamp":1640665235,"order_status":"return requested"},{"order_id":75139,"status_timestamp":1640586089,"order_status":"return canceled"},{"order_id":75140,"status_timestamp":1640622122,"order_status":"preparing"},{"order_id":75140,"status_timestamp":1640779226,"order_status":"on the way"},{"order_id":75140,"status_timestamp":1640601158,"order_status":"delivered"},{"order_id":75140,"status_timestamp":1640545431,"order_status":"return requested"},{"order_id":75140,"status_timestamp":1640554910,"order_status":"return canceled"},{"order_id":75141,"status_timestamp":1640540902,"order_status":"preparing"},{"order_id":75141,"status_timestamp":1640944441,"order_status":"on the way"},{"order_id":75141,"status_timestamp":1640646367,"order_status":"delivered"},{"order_id":75142,"status_timestamp":1640723554,"order_status":"preparing"},{"order_id":75142,"status_timestamp":1640602732,"order_status":"on the way"},{"order_id":75142,"status_timestamp":1640607291,"order_status":"delivered"},{"order_id":75143,"status_timestamp":1640542780,"order_status":"preparing"},{"order_id":75143,"status_timestamp":1640770994,"order_status":"on the way"},{"order_id":75143,"status_timestamp":1640532337,"order_status":"delivered"},{"order_id":75144,"status_timestamp":1640597638,"order_status":"preparing"},{"order_id":75144,"status_timestamp":1640743275,"order_status":"on the way"},{"order_id":75144,"status_timestamp":1640565314,"order_status":"delivered"},{"order_id":75145,"status_timestamp":1640820962,"order_status":"preparing"},{"order_id":75145,"status_timestamp":1640554980,"order_status":"on the way"},{"order_id":75145,"status_timestamp":1640645467,"order_status":"delivered"},{"order_id":75146,"status_timestamp":1640617265,"order_status":"preparing"},{"order_id":75146,"status_timestamp":1640655947,"order_status":"on the way"},{"order_id":75146,"status_timestamp":1640763129,"order_status":"reported shipping error"},{"order_id":75147,"status_timestamp":1640804503,"order_status":"preparing"},{"order_id":75147,"status_timestamp":1640595679,"order_status":"on the way"},{"order_id":75147,"status_timestamp":1640577420,"order_status":"delivered"},{"order_id":75148,"status_timestamp":1640710707,"order_status":"preparing"},{"order_id":75148,"status_timestamp":1640775222,"order_status":"on the way"},{"order_id":75148,"status_timestamp":1640680661,"order_status":"delivered"},{"order_id":75149,"status_timestamp":1640583554,"order_status":"preparing"},{"order_id":75149,"status_timestamp":1640681512,"order_status":"on the way"},{"order_id":75149,"status_timestamp":1640720950,"order_status":"delivered"},{"order_id":75150,"status_timestamp":1640699980,"order_status":"preparing"},{"order_id":75150,"status_timestamp":1640725978,"order_status":"on the way"},{"order_id":75150,"status_timestamp":1640714014,"order_status":"delivered"},{"order_id":75151,"status_timestamp":1640567312,"order_status":"preparing"},{"order_id":75151,"status_timestamp":1640601568,"order_status":"on the way"},{"order_id":75151,"status_timestamp":1640706131,"order_status":"delivered"},{"order_id":75151,"status_timestamp":1640817086,"order_status":"return requested"},{"order_id":75151,"status_timestamp":1640883208,"order_status":"return picked up"},{"order_id":75151,"status_timestamp":1640630540,"order_status":"return processed"},{"order_id":75152,"status_timestamp":1640643721,"order_status":"preparing"},{"order_id":75152,"status_timestamp":1640650772,"order_status":"on the way"},{"order_id":75152,"status_timestamp":1640649709,"order_status":"delivered"},{"order_id":75153,"status_timestamp":1640633638,"order_status":"preparing"},{"order_id":75153,"status_timestamp":1640758908,"order_status":"on the way"},{"order_id":75153,"status_timestamp":1640863833,"order_status":"delivered"},{"order_id":75154,"status_timestamp":1640660653,"order_status":"preparing"},{"order_id":75154,"status_timestamp":1640687316,"order_status":"on the way"},{"order_id":75154,"status_timestamp":1640831711,"order_status":"delivered"},{"order_id":75155,"status_timestamp":1640637010,"order_status":"preparing"},{"order_id":75155,"status_timestamp":1640601223,"order_status":"on the way"},{"order_id":75155,"status_timestamp":1640652692,"order_status":"delivered"},{"order_id":75156,"status_timestamp":1640797699,"order_status":"preparing"},{"order_id":75156,"status_timestamp":1640820167,"order_status":"on the way"},{"order_id":75156,"status_timestamp":1640613962,"order_status":"delivered"},{"order_id":75157,"status_timestamp":1640688552,"order_status":"preparing"},{"order_id":75157,"status_timestamp":1640847728,"order_status":"on the way"},{"order_id":75157,"status_timestamp":1640788338,"order_status":"delivered"},{"order_id":75158,"status_timestamp":1640633504,"order_status":"preparing"},{"order_id":75158,"status_timestamp":1640731069,"order_status":"on the way"},{"order_id":75158,"status_timestamp":1640658278,"order_status":"delivered"},{"order_id":75159,"status_timestamp":1640748560,"order_status":"preparing"},{"order_id":75159,"status_timestamp":1640733806,"order_status":"on the way"},{"order_id":75159,"status_timestamp":1640652368,"order_status":"delivered"},{"order_id":75160,"status_timestamp":1640727767,"order_status":"preparing"},{"order_id":75160,"status_timestamp":1640732988,"order_status":"on the way"},{"order_id":75160,"status_timestamp":1640656574,"order_status":"delivered"},{"order_id":75161,"status_timestamp":1640653242,"order_status":"preparing"},{"order_id":75161,"status_timestamp":1640629467,"order_status":"on the way"},{"order_id":75161,"status_timestamp":1640629830,"order_status":"delivered"},{"order_id":75162,"status_timestamp":1640741767,"order_status":"preparing"},{"order_id":75162,"status_timestamp":1640862463,"order_status":"canceled"},{"order_id":75163,"status_timestamp":1640703120,"order_status":"preparing"},{"order_id":75163,"status_timestamp":1640892680,"order_status":"on the way"},{"order_id":75163,"status_timestamp":1640665697,"order_status":"delivered"},{"order_id":75164,"status_timestamp":1640769080,"order_status":"preparing"},{"order_id":75164,"status_timestamp":1640713469,"order_status":"on the way"},{"order_id":75164,"status_timestamp":1640852841,"order_status":"delivered"},{"order_id":75165,"status_timestamp":1640642602,"order_status":"preparing"},{"order_id":75165,"status_timestamp":1640634230,"order_status":"on the way"},{"order_id":75165,"status_timestamp":1640748794,"order_status":"delivered"},{"order_id":75166,"status_timestamp":1640672183,"order_status":"preparing"},{"order_id":75166,"status_timestamp":1640899638,"order_status":"on the way"},{"order_id":75166,"status_timestamp":1640808315,"order_status":"delivered"},{"order_id":75166,"status_timestamp":1640642951,"order_status":"return requested"},{"order_id":75166,"status_timestamp":1640975562,"order_status":"return picked up"},{"order_id":75166,"status_timestamp":1640627524,"order_status":"return processed"},{"order_id":75167,"status_timestamp":1640685855,"order_status":"preparing"},{"order_id":75167,"status_timestamp":1640904704,"order_status":"on the way"},{"order_id":75167,"status_timestamp":1640899439,"order_status":"delivered"},{"order_id":75168,"status_timestamp":1640675643,"order_status":"preparing"},{"order_id":75168,"status_timestamp":1640820351,"order_status":"on the way"},{"order_id":75168,"status_timestamp":1640793803,"order_status":"delivered"},{"order_id":75169,"status_timestamp":1640798590,"order_status":"preparing"},{"order_id":75169,"status_timestamp":1640753552,"order_status":"on the way"},{"order_id":75169,"status_timestamp":1640942090,"order_status":"delivered"},{"order_id":75170,"status_timestamp":1640873347,"order_status":"preparing"},{"order_id":75170,"status_timestamp":1640883206,"order_status":"canceled"},{"order_id":75171,"status_timestamp":1640893425,"order_status":"preparing"},{"order_id":75171,"status_timestamp":1640756927,"order_status":"on the way"},{"order_id":75171,"status_timestamp":1640742421,"order_status":"delivered"},{"order_id":75171,"status_timestamp":1640720096,"order_status":"return requested"},{"order_id":75171,"status_timestamp":1640700903,"order_status":"return picked up"},{"order_id":75171,"status_timestamp":1640708850,"order_status":"return processed"},{"order_id":75172,"status_timestamp":1640649422,"order_status":"preparing"},{"order_id":75172,"status_timestamp":1640815714,"order_status":"on the way"},{"order_id":75172,"status_timestamp":1640869992,"order_status":"delivered"},{"order_id":75173,"status_timestamp":1640647356,"order_status":"preparing"},{"order_id":75173,"status_timestamp":1640832317,"order_status":"on the way"},{"order_id":75173,"status_timestamp":1640742109,"order_status":"delivered"},{"order_id":75173,"status_timestamp":1640691874,"order_status":"return requested"},{"order_id":75173,"status_timestamp":1640907566,"order_status":"return picked up"},{"order_id":75173,"status_timestamp":1640787137,"order_status":"return processed"},{"order_id":75174,"status_timestamp":1640804512,"order_status":"preparing"},{"order_id":75174,"status_timestamp":1640853080,"order_status":"on the way"},{"order_id":75174,"status_timestamp":1640940973,"order_status":"delivered"},{"order_id":75175,"status_timestamp":1640762884,"order_status":"preparing"},{"order_id":75175,"status_timestamp":1640816856,"order_status":"on the way"},{"order_id":75175,"status_timestamp":1640752409,"order_status":"delivered"},{"order_id":75176,"status_timestamp":1640870368,"order_status":"preparing"},{"order_id":75176,"status_timestamp":1640718769,"order_status":"canceled"},{"order_id":75177,"status_timestamp":1640774799,"order_status":"preparing"},{"order_id":75177,"status_timestamp":1640807571,"order_status":"on the way"},{"order_id":75177,"status_timestamp":1640846985,"order_status":"delivered"},{"order_id":75178,"status_timestamp":1640857905,"order_status":"preparing"},{"order_id":75178,"status_timestamp":1640777467,"order_status":"on the way"},{"order_id":75178,"status_timestamp":1640736529,"order_status":"delivered"},{"order_id":75179,"status_timestamp":1640705729,"order_status":"preparing"},{"order_id":75179,"status_timestamp":1640855078,"order_status":"on the way"},{"order_id":75179,"status_timestamp":1640693117,"order_status":"delivered"},{"order_id":75180,"status_timestamp":1640784949,"order_status":"preparing"},{"order_id":75180,"status_timestamp":1640868414,"order_status":"on the way"},{"order_id":75180,"status_timestamp":1640731952,"order_status":"reported shipping error"},{"order_id":75181,"status_timestamp":1640835985,"order_status":"preparing"},{"order_id":75181,"status_timestamp":1640801838,"order_status":"on the way"},{"order_id":75181,"status_timestamp":1640710152,"order_status":"delivered"},{"order_id":75182,"status_timestamp":1640779994,"order_status":"preparing"},{"order_id":75182,"status_timestamp":1640865941,"order_status":"delivered"},{"order_id":75183,"status_timestamp":1640716811,"order_status":"preparing"},{"order_id":75183,"status_timestamp":1640800007,"order_status":"on the way"},{"order_id":75183,"status_timestamp":1640710402,"order_status":"delivered"},{"order_id":75184,"status_timestamp":1640944264,"order_status":"preparing"},{"order_id":75184,"status_timestamp":1640764106,"order_status":"delivered"},{"order_id":75185,"status_timestamp":1640846094,"order_status":"preparing"},{"order_id":75185,"status_timestamp":1640886699,"order_status":"on the way"},{"order_id":75185,"status_timestamp":1640727293,"order_status":"delivered"},{"order_id":75185,"status_timestamp":1640806108,"order_status":"return requested"},{"order_id":75185,"status_timestamp":1640809023,"order_status":"return canceled"},{"order_id":75186,"status_timestamp":1640915127,"order_status":"preparing"},{"order_id":75186,"status_timestamp":1640910744,"order_status":"on the way"},{"order_id":75186,"status_timestamp":1640735461,"order_status":"delivered"},{"order_id":75187,"status_timestamp":1640818015,"order_status":"preparing"},{"order_id":75187,"status_timestamp":1640801384,"order_status":"on the way"},{"order_id":75187,"status_timestamp":1640836142,"order_status":"delivered"},{"order_id":75187,"status_timestamp":1640816402,"order_status":"return requested"},{"order_id":75187,"status_timestamp":1640724634,"order_status":"return canceled"},{"order_id":75188,"status_timestamp":1640832982,"order_status":"preparing"},{"order_id":75188,"status_timestamp":1640767916,"order_status":"on the way"},{"order_id":75188,"status_timestamp":1640805931,"order_status":"delivered"},{"order_id":75189,"status_timestamp":1640752506,"order_status":"preparing"},{"order_id":75189,"status_timestamp":1640844863,"order_status":"on the way"},{"order_id":75189,"status_timestamp":1640918782,"order_status":"delivered"},{"order_id":75190,"status_timestamp":1640831170,"order_status":"preparing"},{"order_id":75190,"status_timestamp":1640786824,"order_status":"on the way"},{"order_id":75190,"status_timestamp":1640735616,"order_status":"delivered"},{"order_id":75191,"status_timestamp":1640729705,"order_status":"preparing"},{"order_id":75191,"status_timestamp":1640901820,"order_status":"canceled"},{"order_id":75192,"status_timestamp":1640791368,"order_status":"preparing"},{"order_id":75192,"status_timestamp":1640824465,"order_status":"on the way"},{"order_id":75192,"status_timestamp":1640725553,"order_status":"delivered"},{"order_id":75192,"status_timestamp":1640877988,"order_status":"return requested"},{"order_id":75192,"status_timestamp":1640788997,"order_status":"return picked up"},{"order_id":75192,"status_timestamp":1640755657,"order_status":"return processed"},{"order_id":75193,"status_timestamp":1640853496,"order_status":"preparing"},{"order_id":75193,"status_timestamp":1640876302,"order_status":"on the way"},{"order_id":75193,"status_timestamp":1640846053,"order_status":"delivered"},{"order_id":75194,"status_timestamp":1640820491,"order_status":"preparing"},{"order_id":75194,"status_timestamp":1640955490,"order_status":"on the way"},{"order_id":75195,"status_timestamp":1640758259,"order_status":"preparing"},{"order_id":75195,"status_timestamp":1640756081,"order_status":"on the way"},{"order_id":75195,"status_timestamp":1640763901,"order_status":"delivered"},{"order_id":75196,"status_timestamp":1640959304,"order_status":"preparing"},{"order_id":75196,"status_timestamp":1640751571,"order_status":"on the way"},{"order_id":75196,"status_timestamp":1640823431,"order_status":"delivered"},{"order_id":75196,"status_timestamp":1640902914,"order_status":"return requested"},{"order_id":75196,"status_timestamp":1640970778,"order_status":"return picked up"},{"order_id":75196,"status_timestamp":1640964158,"order_status":"return processed"},{"order_id":75197,"status_timestamp":1640732999,"order_status":"preparing"},{"order_id":75197,"status_timestamp":1640892667,"order_status":"on the way"},{"order_id":75197,"status_timestamp":1640783908,"order_status":"delivered"},{"order_id":75198,"status_timestamp":1640825293,"order_status":"preparing"},{"order_id":75198,"status_timestamp":1640896396,"order_status":"on the way"},{"order_id":75198,"status_timestamp":1640745371,"order_status":"delivered"},{"order_id":75199,"status_timestamp":1640796591,"order_status":"preparing"},{"order_id":75199,"status_timestamp":1640829967,"order_status":"on the way"},{"order_id":75199,"status_timestamp":1640742939,"order_status":"delivered"},{"order_id":75200,"status_timestamp":1640747563,"order_status":"preparing"},{"order_id":75200,"status_timestamp":1640805921,"order_status":"on the way"},{"order_id":75200,"status_timestamp":1640770141,"order_status":"delivered"},{"order_id":75201,"status_timestamp":1640786334,"order_status":"preparing"},{"order_id":75201,"status_timestamp":1640858445,"order_status":"on the way"},{"order_id":75202,"status_timestamp":1640857184,"order_status":"preparing"},{"order_id":75202,"status_timestamp":1640801168,"order_status":"canceled"},{"order_id":75203,"status_timestamp":1640807007,"order_status":"canceled"},{"order_id":75204,"status_timestamp":1640796140,"order_status":"preparing"},{"order_id":75204,"status_timestamp":1640797032,"order_status":"on the way"},{"order_id":75204,"status_timestamp":1640901977,"order_status":"delivered"},{"order_id":75205,"status_timestamp":1640826164,"order_status":"preparing"},{"order_id":75205,"status_timestamp":1640810077,"order_status":"delivered"},{"order_id":75206,"status_timestamp":1640980118,"order_status":"preparing"},{"order_id":75206,"status_timestamp":1640812540,"order_status":"on the way"},{"order_id":75206,"status_timestamp":1640922840,"order_status":"delivered"},{"order_id":75207,"status_timestamp":1640905008,"order_status":"preparing"},{"order_id":75207,"status_timestamp":1640860041,"order_status":"delivered"},{"order_id":75208,"status_timestamp":1640895252,"order_status":"preparing"},{"order_id":75208,"status_timestamp":1640868512,"order_status":"on the way"},{"order_id":75208,"status_timestamp":1640968022,"order_status":"delivered"},{"order_id":75209,"status_timestamp":1640781275,"order_status":"on the way"},{"order_id":75209,"status_timestamp":1640842995,"order_status":"delivered"},{"order_id":75210,"status_timestamp":1640924780,"order_status":"preparing"},{"order_id":75210,"status_timestamp":1640914806,"order_status":"on the way"},{"order_id":75211,"status_timestamp":1640935065,"order_status":"on the way"},{"order_id":75212,"status_timestamp":1640889106,"order_status":"preparing"},{"order_id":75212,"status_timestamp":1640979165,"order_status":"on the way"},{"order_id":75212,"status_timestamp":1640888189,"order_status":"reported shipping error"},{"order_id":75213,"status_timestamp":1640932355,"order_status":"preparing"},{"order_id":75213,"status_timestamp":1640975835,"order_status":"on the way"},{"order_id":75213,"status_timestamp":1640807106,"order_status":"delivered"},{"order_id":75214,"status_timestamp":1640871930,"order_status":"preparing"},{"order_id":75214,"status_timestamp":1640788950,"order_status":"on the way"},{"order_id":75214,"status_timestamp":1640845540,"order_status":"return requested"},{"order_id":75214,"status_timestamp":1640974684,"order_status":"return canceled"},{"order_id":75215,"status_timestamp":1640863402,"order_status":"on the way"},{"order_id":75215,"status_timestamp":1640944126,"order_status":"return requested"},{"order_id":75215,"status_timestamp":1640813144,"order_status":"return picked up"},{"order_id":75215,"status_timestamp":1640930304,"order_status":"return processed"},{"order_id":75216,"status_timestamp":1640793203,"order_status":"delivered"},{"order_id":75217,"status_timestamp":1640848471,"order_status":"preparing"},{"order_id":75217,"status_timestamp":1640894789,"order_status":"on the way"},{"order_id":75217,"status_timestamp":1640860461,"order_status":"reported shipping error"},{"order_id":75218,"status_timestamp":1640943527,"order_status":"preparing"},{"order_id":75218,"status_timestamp":1640958530,"order_status":"on the way"},{"order_id":75218,"status_timestamp":1640838097,"order_status":"delivered"},{"order_id":75219,"status_timestamp":1640865579,"order_status":"preparing"},{"order_id":75219,"status_timestamp":1640899290,"order_status":"on the way"},{"order_id":75219,"status_timestamp":1640921352,"order_status":"delivered"},{"order_id":75220,"status_timestamp":1640924665,"order_status":"preparing"},{"order_id":75220,"status_timestamp":1640881290,"order_status":"on the way"},{"order_id":75221,"status_timestamp":1640931875,"order_status":"on the way"},{"order_id":75221,"status_timestamp":1640982574,"order_status":"delivered"},{"order_id":75222,"status_timestamp":1640947286,"order_status":"preparing"},{"order_id":75222,"status_timestamp":1640820810,"order_status":"on the way"},{"order_id":75222,"status_timestamp":1640829440,"order_status":"delivered"},{"order_id":75223,"status_timestamp":1640941884,"order_status":"on the way"},{"order_id":75224,"status_timestamp":1640972882,"order_status":"preparing"},{"order_id":75224,"status_timestamp":1640979973,"order_status":"on the way"},{"order_id":75224,"status_timestamp":1640945425,"order_status":"delivered"},{"order_id":75225,"status_timestamp":1640960810,"order_status":"on the way"},{"order_id":75225,"status_timestamp":1640942693,"order_status":"delivered"},{"order_id":75226,"status_timestamp":1640985359,"order_status":"canceled"},{"order_id":75227,"status_timestamp":1640837115,"order_status":"preparing"},{"order_id":75227,"status_timestamp":1640903268,"order_status":"on the way"},{"order_id":75228,"status_timestamp":1640920370,"order_status":"on the way"},{"order_id":75228,"status_timestamp":1640969694,"order_status":"delivered"},{"order_id":75229,"status_timestamp":1640845903,"order_status":"preparing"},{"order_id":75229,"status_timestamp":1640881717,"order_status":"on the way"},{"order_id":75229,"status_timestamp":1640941031,"order_status":"delivered"},{"order_id":75230,"status_timestamp":1640901293,"order_status":"preparing"},{"order_id":75231,"status_timestamp":1640928005,"order_status":"preparing"},{"order_id":75231,"status_timestamp":1640934313,"order_status":"on the way"},{"order_id":75231,"status_timestamp":1640879289,"order_status":"delivered"},{"order_id":75232,"status_timestamp":1640885372,"order_status":"preparing"},{"order_id":75232,"status_timestamp":1640896632,"order_status":"on the way"},{"order_id":75232,"status_timestamp":1640887609,"order_status":"delivered"},{"order_id":75233,"status_timestamp":1640875931,"order_status":"preparing"},{"order_id":75233,"status_timestamp":1640951148,"order_status":"on the way"},{"order_id":75234,"status_timestamp":1640933234,"order_status":"preparing"},{"order_id":75234,"status_timestamp":1640845227,"order_status":"on the way"},{"order_id":75234,"status_timestamp":1640898085,"order_status":"delivered"},{"order_id":75236,"status_timestamp":1640992008,"order_status":"preparing"},{"order_id":75236,"status_timestamp":1640912304,"order_status":"on the way"},{"order_id":75237,"status_timestamp":1640904452,"order_status":"preparing"},{"order_id":75238,"status_timestamp":1640951460,"order_status":"on the way"},{"order_id":75239,"status_timestamp":1640893939,"order_status":"preparing"},{"order_id":75240,"status_timestamp":1640907021,"order_status":"delivered"},{"order_id":75241,"status_timestamp":1640982959,"order_status":"preparing"},{"order_id":75241,"status_timestamp":1640956142,"order_status":"on the way"},{"order_id":75244,"status_timestamp":1640900087,"order_status":"preparing"},{"order_id":75245,"status_timestamp":1640965447,"order_status":"on the way"},{"order_id":75245,"status_timestamp":1640914803,"order_status":"delivered"},{"order_id":75248,"status_timestamp":1640971957,"order_status":"on the way"},{"order_id":75250,"status_timestamp":1640917668,"order_status":"on the way"},{"order_id":75250,"status_timestamp":1640923154,"order_status":"reported shipping error"},{"order_id":75252,"status_timestamp":1640979074,"order_status":"preparing"},{"order_id":75254,"status_timestamp":1640989081,"order_status":"preparing"},{"order_id":75254,"status_timestamp":1640952129,"order_status":"delivered"},{"order_id":75257,"status_timestamp":1640979386,"order_status":"delivered"},{"order_id":75261,"status_timestamp":1640961632,"order_status":"on the way"},{"order_id":75261,"status_timestamp":1640966066,"order_status":"delivered"},{"order_id":75263,"status_timestamp":1640964901,"order_status":"on the way"},{"order_id":75269,"status_timestamp":1640989917,"order_status":"on the way"}]