[{"order_id":75322,"status_timestamp":1641083083,"order_status":"placed"},{"order_id":75323,"status_timestamp":1641089241,"order_status":"placed"},{"order_id":75324,"status_timestamp":1641096791,"order_status":"placed"},{"order_id":75325,"status_timestamp":1641096879,"order_status":"placed"},{"order_id":75326,"status_timestamp":1641098439,"order_status":"placed"},{"order_id":75327,"status_timestamp":1641106211,"order_status":"placed"},{"order_id":75328,"status_timestamp":1641106251,"order_status":"placed"},{"order_id":75329,"status_timestamp":1641107548,"order_status":"placed"},{"order_id":75330,"status_timestamp":1641108703,"order_status":"placed"},{"order_id":75331,"status_timestamp":1641109362,"order_status":"placed"},{"order_id":75332,"status_timestamp":1641119090,"order_status":"placed"},{"order_id":75333,"status_timestamp":1641120242,"order_status":"placed"},{"order_id":75334,"status_timestamp":1641122065,"order_status":"placed"},{"order_id":75335,"status_timestamp":1641130250,"order_status":"placed"},{"order_id":75336,"status_timestamp":1641137758,"order_status":"placed"},{"order_id":75337,"status_timestamp":1641143700,"order_status":"placed"},{"order_id":75338,"status_timestamp":1641145685,"order_status":"placed"},{"order_id":75339,"status_timestamp":1641146761,"order_status":"placed"},{"order_id":75340,"status_timestamp":1641146844,"order_status":"placed"},{"order_id":75341,"status_timestamp":1641147692,"order_status":"placed"},{"order_id":75342,"status_timestamp":1641148929,"order_status":"placed"},{"order_id":75343,"status_timestamp":1641150407,"order_status":"placed"},{"order_id":75344,"status_timestamp":1641157556,"order_status":"placed"},{"order_id":75345,"status_timestamp":1641158192,"order_status":"placed"},{"order_id":75346,"status_timestamp":1641162302,"order_status":"placed"},{"order_id":75201,"status_timestamp":1641086303,"order_status":"delivered"},{"order_id":75209,"status_timestamp":1641089827,"order_status":"preparing"},{"order_id":75210,"status_timestamp":1641099515,"order_status":"delivered"},{"order_id":75223,"status_timestamp":1641101926,"order_status":"delivered"},{"order_id":75227,"status_timestamp":1641093032,"order_status":"delivered"},{"order_id":75230,"status_timestamp":1641129132,"order_status":"delivered"},{"order_id":75236,"status_timestamp":1641103790,"order_status":"delivered"},{"order_id":75241,"status_timestamp":1641114680,"order_status":"delivered"},{"order_id":75242,"status_timestamp":1641101831,"order_status":"on the way"},{"order_id":75243,"status_timestamp":1641130658,"order_status":"on the way"},{"order_id":75245,"status_timestamp":1641112260,"order_status":"preparing"},{"order_id":75248,"status_timestamp":1641125656,"order_status":"delivered"},{"order_id":75250,"status_timestamp":1641165389,"order_status":"preparing"},{"order_id":75251,"status_timestamp":1641141966,"order_status":"on the way"},{"order_id":75252,"status_timestamp":1641082735,"order_status":"on the way"},{"order_id":75252,"status_timestamp":1641146811,"order_status":"delivered"},{"order_id":75253,"status_timestamp":1641090241,"order_status":"on the way"},{"order_id":75253,"status_timestamp":1641148421,"order_status":"delivered"},{"order_id":75256,"status_timestamp":1641107949,"order_status":"on the way"},{"order_id":75257,"status_timestamp":1641120785,"order_status":"preparing"},{"order_id":75258,"status_timestamp":1641111037,"order_status":"canceled"},{"order_id":75260,"status_timestamp":1641155723,"order_status":"on the way"},{"order_id":75260,"status_timestamp":1641145531,"order_status":"delivered"},{"order_id":75265,"status_timestamp":1641111296,"order_status":"on the way"},{"order_id":75266,"status_timestamp":1641140204,"order_status":"preparing"},{"order_id":75266,"status_timestamp":1641139334,"order_status":"on the way"},{"order_id":75267,"status_timestamp":1641090072,"order_status":"on the way"},{"order_id":75271,"status_timestamp":1641121224,"order_status":"preparing"},{"order_id":75271,"status_timestamp":1641110459,"order_status":"delivered"},{"order_id":75273,"status_timestamp":1641086408,"order_status":"preparing"},{"order_id":75273,"status_timestamp":1641148130,"order_status":"on the way"},{"order_id":75274,"status_timestamp":1641124989,"order_status":"preparing"},{"order_id":75276,"status_timestamp":1641088256,"order_status":"preparing"},{"order_id":75276,"status_timestamp":1641098914,"order_status":"delivered"},{"order_id":75276,"status_timestamp":1641161675,"order_status":"return processed"},{"order_id":75277,"status_timestamp":1641130248,"order_status":"preparing"},{"order_id":75277,"status_timestamp":1641123262,"order_status":"on the way"},{"order_id":75278,"status_timestamp":1641123177,"order_status":"on the way"},{"order_id":75279,"status_timestamp":1641139786,"order_status":"preparing"},{"order_id":75280,"status_timestamp":1641166882,"order_status":"delivered"},{"order_id":75281,"status_timestamp":1641152458,"order_status":"preparing"},{"order_id":75283,"status_timestamp":1641129668,"order_status":"preparing"},{"order_id":75283,"status_timestamp":1641127388,"order_status":"delivered"},{"order_id":75284,"status_timestamp":1641126917,"order_status":"preparing"},{"order_id":75284,"status_timestamp":1641139205,"order_status":"delivered"},{"order_id":75285,"status_timestamp":1641101889,"order_status":"canceled"},{"order_id":75286,"status_timestamp":1641087968,"order_status":"delivered"},{"order_id":75287,"status_timestamp":1641156512,"order_status":"on the way"},{"order_id":75288,"status_timestamp":1641108456,"order_status":"canceled"},{"order_id":75289,"status_timestamp":1641113190,"order_status":"preparing"},{"order_id":75289,"status_timestamp":1641090957,"order_status":"on the way"},{"order_id":75289,"status_timestamp":1641149807,"order_status":"delivered"},{"order_id":75289,"status_timestamp":1641139313,"order_status":"return requested"},{"order_id":75290,"status_timestamp":1641104958,"order_status":"canceled"},{"order_id":75292,"status_timestamp":1641087269,"order_status":"preparing"},{"order_id":75292,"status_timestamp":1641163382,"order_status":"on the way"},{"order_id":75292,"status_timestamp":1641118004,"order_status":"delivered"},{"order_id":75294,"status_timestamp":1641128644,"order_status":"delivered"},{"order_id":75294,"status_timestamp":1641151444,"order_status":"return processed"},{"order_id":75295,"status_timestamp":1641126498,"order_status":"on the way"},{"order_id":75296,"status_timestamp":1641138851,"order_status":"delivered"},{"order_id":75296,"status_timestamp":1641093366,"order_status":"return requested"},{"order_id":75297,"status_timestamp":1641136480,"order_status":"preparing"},{"order_id":75297,"status_timestamp":1641128119,"order_status":"delivered"},{"order_id":75297,"status_timestamp":1641158248,"order_status":"return requested"},{"order_id":75298,"status_timestamp":1641148287,"order_status":"delivered"},{"order_id":75299,"status_timestamp":1641122391,"order_status":"on the way"},{"order_id":75300,"status_timestamp":1641100906,"order_status":"canceled"},{"order_id":75302,"status_timestamp":1641148963,"order_status":"preparing"},{"order_id":75302,"status_timestamp":1641143945,"order_status":"reported shipping error"},{"order_id":75303,"status_timestamp":1641122499,"order_status":"on the way"},{"order_id":75303,"status_timestamp":1641092757,"order_status":"delivered"},{"order_id":75303,"status_timestamp":1641148338,"order_status":"return picked up"},{"order_id":75303,"status_timestamp":1641157904,"order_status":"return processed"},{"order_id":75304,"status_timestamp":1641154926,"order_status":"preparing"},{"order_id":75304,"status_timestamp":1641127247,"order_status":"return processed"},{"order_id":75305,"status_timestamp":1641147601,"order_status":"preparing"},{"order_id":75306,"status_timestamp":1641114314,"order_status":"delivered"},{"order_id":75307,"status_timestamp":1641167028,"order_status":"delivered"},{"order_id":75310,"status_timestamp":1641125083,"order_status":"preparing"},{"order_id":75310,"status_timestamp":1641140017,"order_status":"delivered"},{"order_id":75311,"status_timestamp":1641159141,"order_status":"preparing"},{"order_id":75312,"status_timestamp":1641157313,"order_status":"preparing"},{"order_id":75313,"status_timestamp":1641134064,"order_status":"on the way"},{"order_id":75317,"status_timestamp":1641152128,"order_status":"on the way"}]