[{"order_id":75370,"status_timestamp":1641254942,"order_status":"placed"},{"order_id":75371,"status_timestamp":1641256401,"order_status":"placed"},{"order_id":75372,"status_timestamp":1641262141,"order_status":"placed"},{"order_id":75373,"status_timestamp":1641264430,"order_status":"placed"},{"order_id":75374,"status_timestamp":1641265030,"order_status":"placed"},{"order_id":75375,"status_timestamp":1641267092,"order_status":"placed"},{"order_id":75376,"status_timestamp":1641270467,"order_status":"placed"},{"order_id":75377,"status_timestamp":1641271272,"order_status":"placed"},{"order_id":75378,"status_timestamp":1641275694,"order_status":"placed"},{"order_id":75379,"status_timestamp":1641276696,"order_status":"placed"},{"order_id":75380,"status_timestamp":1641278657,"order_status":"placed"},{"order_id":75381,"status_timestamp":1641284111,"order_status":"placed"},{"order_id":75382,"status_timestamp":1641289534,"order_status":"placed"},{"order_id":75383,"status_timestamp":1641290695,"order_status":"placed"},{"order_id":75384,"status_timestamp":1641298014,"order_status":"placed"},{"order_id":75385,"status_timestamp":1641298272,"order_status":"placed"},{"order_id":75386,"status_timestamp":1641298563,"order_status":"placed"},{"order_id":75387,"status_timestamp":1641306493,"order_status":"placed"},{"order_id":75388,"status_timestamp":1641306976,"order_status":"placed"},{"order_id":75389,"status_timestamp":1641309518,"order_status":"placed"},{"order_id":75390,"status_timestamp":1641311622,"order_status":"placed"},{"order_id":75391,"status_timestamp":1641317668,"order_status":"placed"},{"order_id":75392,"status_timestamp":1641327138,"order_status":"placed"},{"order_id":75393,"status_timestamp":1641329222,"order_status":"placed"},{"order_id":75394,"status_timestamp":1641334423,"order_status":"placed"},{"order_id":75251,"status_timestamp":1641317442,"order_status":"delivered"},{"order_id":75279,"status_timestamp":1641287715,"order_status":"canceled"},{"order_id":75289,"status_timestamp":1641331858,"order_status":"return picked up"},{"order_id":75294,"status_timestamp":1641309993,"order_status":"return picked up"},{"order_id":75295,"status_timestamp":1641315344,"order_status":"preparing"},{"order_id":75295,"status_timestamp":1641287072,"order_status":"delivered"},{"order_id":75301,"status_timestamp":1641305428,"order_status":"preparing"},{"order_id":75303,"status_timestamp":1641308731,"order_status":"preparing"},{"order_id":75303,"status_timestamp":1641307518,"order_status":"return requested"},{"order_id":75304,"status_timestamp":1641335882,"order_status":"on the way"},{"order_id":75306,"status_timestamp":1641303414,"order_status":"preparing"},{"order_id":75308,"status_timestamp":1641326317,"order_status":"preparing"},{"order_id":75313,"status_timestamp":1641311354,"order_status":"delivered"},{"order_id":75315,"status_timestamp":1641271961,"order_status":"preparing"},{"order_id":75316,"status_timestamp":1641258303,"order_status":"preparing"},{"order_id":75317,"status_timestamp":1641254922,"order_status":"delivered"},{"order_id":75319,"status_timestamp":1641307977,"order_status":"preparing"},{"order_id":75319,"status_timestamp":1641265992,"order_status":"on the way"},{"order_id":75319,"status_timestamp":1641315831,"order_status":"delivered"},{"order_id":75321,"status_timestamp":1641291281,"order_status":"preparing"},{"order_id":75321,"status_timestamp":1641259943,"order_status":"on the way"},{"order_id":75321,"status_timestamp":1641268325,"order_status":"delivered"},{"order_id":75323,"status_timestamp":1641292387,"order_status":"on the way"},{"order_id":75324,"status_timestamp":1641278418,"order_status":"on the way"},{"order_id":75324,"status_timestamp":1641319040,"order_status":"delivered"},{"order_id":75325,"status_timestamp":1641313747,"order_status":"return picked up"},{"order_id":75325,"status_timestamp":1641276169,"order_status":"return processed"},{"order_id":75328,"status_timestamp":1641288223,"order_status":"preparing"},{"order_id":75330,"status_timestamp":1641284192,"order_status":"delivered"},{"order_id":75331,"status_timestamp":1641315066,"order_status":"preparing"},{"order_id":75331,"status_timestamp":1641309226,"order_status":"return requested"},{"order_id":75332,"status_timestamp":1641331355,"order_status":"preparing"},{"order_id":75332,"status_timestamp":1641284919,"order_status":"on the way"},{"order_id":75333,"status_timestamp":1641318329,"order_status":"canceled"},{"order_id":75334,"status_timestamp":1641337853,"order_status":"preparing"},{"order_id":75334,"status_timestamp":1641317727,"order_status":"on the way"},{"order_id":75336,"status_timestamp":1641304554,"order_status":"return canceled"},{"order_id":75337,"status_timestamp":1641300348,"order_status":"on the way"},{"order_id":75337,"status_timestamp":1641324866,"order_status":"delivered"},{"order_id":75339,"status_timestamp":1641284527,"order_status":"on the way"},{"order_id":75339,"status_timestamp":1641321078,"order_status":"delivered"},{"order_id":75340,"status_timestamp":1641259670,"order_status":"preparing"},{"order_id":75341,"status_timestamp":1641329728,"order_status":"preparing"},{"order_id":75341,"status_timestamp":1641332372,"order_status":"on the way"},{"order_id":75343,"status_timestamp":1641334616,"order_status":"on the way"},{"order_id":75343,"status_timestamp":1641336231,"order_status":"delivered"},{"order_id":75345,"status_timestamp":1641325783,"order_status":"return picked up"},{"order_id":75346,"status_timestamp":1641306136,"order_status":"return picked up"},{"order_id":75348,"status_timestamp":1641315432,"order_status":"delivered"},{"order_id":75349,"status_timestamp":1641316383,"order_status":"reported shipping error"},{"order_id":75351,"status_timestamp":1641322326,"order_status":"preparing"},{"order_id":75351,"status_timestamp":1641326385,"order_status":"reported shipping error"},{"order_id":75352,"status_timestamp":1641318256,"order_status":"preparing"},{"order_id":75352,"status_timestamp":1641311258,"order_status":"return requested"},{"order_id":75353,"status_timestamp":1641331475,"order_status":"on the way"},{"order_id":75353,"status_timestamp":1641326241,"order_status":"delivered"},{"order_id":75356,"status_timestamp":1641312720,"order_status":"canceled"},{"order_id":75357,"status_timestamp":1641312978,"order_status":"on the way"},{"order_id":75357,"status_timestamp":1641337800,"order_status":"delivered"},{"order_id":75357,"status_timestamp":1641337250,"order_status":"return processed"},{"order_id":75364,"status_timestamp":1641326724,"order_status":"on the way"},{"order_id":75365,"status_timestamp":1641325011,"order_status":"canceled"},{"order_id":75367,"status_timestamp":1641340298,"order_status":"on the way"}]