[{"order_id":75518,"status_timestamp":1641773464,"order_status":"placed"},{"order_id":75519,"status_timestamp":1641779265,"order_status":"placed"},{"order_id":75520,"status_timestamp":1641782143,"order_status":"placed"},{"order_id":75521,"status_timestamp":1641785689,"order_status":"placed"},{"order_id":75522,"status_timestamp":1641785708,"order_status":"placed"},{"order_id":75523,"status_timestamp":1641787781,"order_status":"placed"},{"order_id":75524,"status_timestamp":1641788283,"order_status":"placed"},{"order_id":75525,"status_timestamp":1641801470,"order_status":"placed"},{"order_id":75526,"status_timestamp":1641813926,"order_status":"placed"},{"order_id":75527,"status_timestamp":1641815432,"order_status":"placed"},{"order_id":75528,"status_timestamp":1641817867,"order_status":"placed"},{"order_id":75529,"status_timestamp":1641819225,"order_status":"placed"},{"order_id":75530,"status_timestamp":1641821961,"order_status":"placed"},{"order_id":75531,"status_timestamp":1641824367,"order_status":"placed"},{"order_id":75532,"status_timestamp":1641824862,"order_status":"placed"},{"order_id":75533,"status_timestamp":1641829296,"order_status":"placed"},{"order_id":75534,"status_timestamp":1641835191,"order_status":"placed"},{"order_id":75535,"status_timestamp":1641837216,"order_status":"placed"},{"order_id":75536,"status_timestamp":1641837833,"order_status":"placed"},{"order_id":75537,"status_timestamp":1641839106,"order_status":"placed"},{"order_id":75538,"status_timestamp":1641839314,"order_status":"placed"},{"order_id":75539,"status_timestamp":1641843150,"order_status":"placed"},{"order_id":75540,"status_timestamp":1641849622,"order_status":"placed"},{"order_id":75541,"status_timestamp":1641850798,"order_status":"placed"},{"order_id":75408,"status_timestamp":1641816220,"order_status":"on the way"},{"order_id":75412,"status_timestamp":1641790313,"order_status":"delivered"},{"order_id":75414,"status_timestamp":1641788653,"order_status":"on the way"},{"order_id":75417,"status_timestamp":1641786333,"order_status":"delivered"},{"order_id":75417,"status_timestamp":1641823046,"order_status":"return requested"},{"order_id":75420,"status_timestamp":1641838351,"order_status":"preparing"},{"order_id":75423,"status_timestamp":1641836498,"order_status":"on the way"},{"order_id":75428,"status_timestamp":1641836759,"order_status":"on the way"},{"order_id":75432,"status_timestamp":1641778653,"order_status":"preparing"},{"order_id":75432,"status_timestamp":1641781917,"order_status":"return requested"},{"order_id":75432,"status_timestamp":1641822528,"order_status":"return picked up"},{"order_id":75433,"status_timestamp":1641831061,"order_status":"on the way"},{"order_id":75434,"status_timestamp":1641789082,"order_status":"preparing"},{"order_id":75441,"status_timestamp":1641815505,"order_status":"delivered"},{"order_id":75442,"status_timestamp":1641793840,"order_status":"preparing"},{"order_id":75443,"status_timestamp":1641819302,"order_status":"delivered"},{"order_id":75444,"status_timestamp":1641840569,"order_status":"return picked up"},{"order_id":75444,"status_timestamp":1641823078,"order_status":"return processed"},{"order_id":75445,"status_timestamp":1641855504,"order_status":"preparing"},{"order_id":75446,"status_timestamp":1641809122,"order_status":"on the way"},{"order_id":75446,"status_timestamp":1641830507,"order_status":"delivered"},{"order_id":75448,"status_timestamp":1641842965,"order_status":"canceled"},{"order_id":75449,"status_timestamp":1641775638,"order_status":"on the way"},{"order_id":75452,"status_timestamp":1641853744,"order_status":"delivered"},{"order_id":75453,"status_timestamp":1641781291,"order_status":"on the way"},{"order_id":75453,"status_timestamp":1641794618,"order_status":"delivered"},{"order_id":75454,"status_timestamp":1641803594,"order_status":"preparing"},{"order_id":75454,"status_timestamp":1641784828,"order_status":"on the way"},{"order_id":75455,"status_timestamp":1641836668,"order_status":"preparing"},{"order_id":75455,"status_timestamp":1641837271,"order_status":"delivered"},{"order_id":75456,"status_timestamp":1641793738,"order_status":"preparing"},{"order_id":75457,"status_timestamp":1641780900,"order_status":"preparing"},{"order_id":75458,"status_timestamp":1641807012,"order_status":"preparing"},{"order_id":75459,"status_timestamp":1641786282,"order_status":"return requested"},{"order_id":75461,"status_timestamp":1641841093,"order_status":"delivered"},{"order_id":75462,"status_timestamp":1641826250,"order_status":"on the way"},{"order_id":75463,"status_timestamp":1641826820,"order_status":"delivered"},{"order_id":75463,"status_timestamp":1641858807,"order_status":"return processed"},{"order_id":75465,"status_timestamp":1641812142,"order_status":"preparing"},{"order_id":75466,"status_timestamp":1641806983,"order_status":"preparing"},{"order_id":75466,"status_timestamp":1641823289,"order_status":"on the way"},{"order_id":75467,"status_timestamp":1641822433,"order_status":"on the way"},{"order_id":75467,"status_timestamp":1641781214,"order_status":"delivered"},{"order_id":75468,"status_timestamp":1641810310,"order_status":"delivered"},{"order_id":75471,"status_timestamp":1641850140,"order_status":"preparing"},{"order_id":75471,"status_timestamp":1641799765,"order_status":"canceled"},{"order_id":75472,"status_timestamp":1641838086,"order_status":"preparing"},{"order_id":75472,"status_timestamp":1641824898,"order_status":"on the way"},{"order_id":75473,"status_timestamp":1641820320,"order_status":"preparing"},{"order_id":75474,"status_timestamp":1641808825,"order_status":"preparing"},{"order_id":75475,"status_timestamp":1641837233,"order_status":"preparing"},{"order_id":75476,"status_timestamp":1641858442,"order_status":"preparing"},{"order_id":75476,"status_timestamp":1641840657,"order_status":"delivered"},{"order_id":75476,"status_timestamp":1641828608,"order_status":"return requested"},{"order_id":75478,"status_timestamp":1641784114,"order_status":"canceled"},{"order_id":75479,"status_timestamp":1641858041,"order_status":"return processed"},{"order_id":75480,"status_timestamp":1641845407,"order_status":"delivered"},{"order_id":75481,"status_timestamp":1641828364,"order_status":"preparing"},{"order_id":75481,"status_timestamp":1641845706,"order_status":"on the way"},{"order_id":75481,"status_timestamp":1641857310,"order_status":"delivered"},{"order_id":75483,"status_timestamp":1641791830,"order_status":"preparing"},{"order_id":75483,"status_timestamp":1641847116,"order_status":"delivered"},{"order_id":75484,"status_timestamp":1641791506,"order_status":"preparing"},{"order_id":75484,"status_timestamp":1641847634,"order_status":"return requested"},{"order_id":75485,"status_timestamp":1641854115,"order_status":"preparing"},{"order_id":75485,"status_timestamp":1641779089,"order_status":"on the way"},{"order_id":75485,"status_timestamp":1641824236,"order_status":"delivered"},{"order_id":75486,"status_timestamp":1641829748,"order_status":"on the way"},{"order_id":75487,"status_timestamp":1641782621,"order_status":"on the way"},{"order_id":75487,"status_timestamp":1641842153,"order_status":"reported shipping error"},{"order_id":75488,"status_timestamp":1641805332,"order_status":"preparing"},{"order_id":75488,"status_timestamp":1641819991,"order_status":"on the way"},{"order_id":75490,"status_timestamp":1641809159,"order_status":"on the way"},{"order_id":75490,"status_timestamp":1641777705,"order_status":"delivered"},{"order_id":75491,"status_timestamp":1641823604,"order_status":"preparing"},{"order_id":75492,"status_timestamp":1641775935,"order_status":"on the way"},{"order_id":75492,"status_timestamp":1641793853,"order_status":"delivered"},{"order_id":75493,"status_timestamp":1641850714,"order_status":"delivered"},{"order_id":75494,"status_timestamp":1641840560,"order_status":"preparing"},{"order_id":75494,"status_timestamp":1641854202,"order_status":"on the way"},{"order_id":75494,"status_timestamp":1641796789,"order_status":"delivered"},{"order_id":75495,"status_timestamp":1641840650,"order_status":"preparing"},{"order_id":75495,"status_timestamp":1641785882,"order_status":"delivered"},{"order_id":75495,"status_timestamp":1641848841,"order_status":"return requested"},{"order_id":75495,"status_timestamp":1641789429,"order_status":"return processed"},{"order_id":75496,"status_timestamp":1641808264,"order_status":"preparing"},{"order_id":75496,"status_timestamp":1641826470,"order_status":"on the way"},{"order_id":75496,"status_timestamp":1641841079,"order_status":"delivered"},{"order_id":75497,"status_timestamp":1641853100,"order_status":"preparing"},{"order_id":75498,"status_timestamp":1641800672,"order_status":"preparing"},{"order_id":75498,"status_timestamp":1641806137,"order_status":"on the way"},{"order_id":75498,"status_timestamp":1641839608,"order_status":"delivered"},{"order_id":75500,"status_timestamp":1641856754,"order_status":"preparing"},{"order_id":75500,"status_timestamp":1641834989,"order_status":"on the way"},{"order_id":75502,"status_timestamp":1641823326,"order_status":"on the way"},{"order_id":75502,"status_timestamp":1641826247,"order_status":"delivered"},{"order_id":75505,"status_timestamp":1641825102,"order_status":"on the way"},{"order_id":75508,"status_timestamp":1641822983,"order_status":"return processed"},{"order_id":75509,"status_timestamp":1641821283,"order_status":"preparing"},{"order_id":75514,"status_timestamp":1641847007,"order_status":"return picked up"}]