[{"order_id":75620,"status_timestamp":1642120584,"order_status":"placed"},{"order_id":75621,"status_timestamp":1642126076,"order_status":"placed"},{"order_id":75622,"status_timestamp":1642127122,"order_status":"placed"},{"order_id":75623,"status_timestamp":1642128630,"order_status":"placed"},{"order_id":75624,"status_timestamp":1642130296,"order_status":"placed"},{"order_id":75625,"status_timestamp":1642134122,"order_status":"placed"},{"order_id":75626,"status_timestamp":1642135022,"order_status":"placed"},{"order_id":75627,"status_timestamp":1642136737,"order_status":"placed"},{"order_id":75628,"status_timestamp":1642138871,"order_status":"placed"},{"order_id":75629,"status_timestamp":1642138917,"order_status":"placed"},{"order_id":75630,"status_timestamp":1642152394,"order_status":"placed"},{"order_id":75631,"status_timestamp":1642154613,"order_status":"placed"},{"order_id":75632,"status_timestamp":1642163589,"order_status":"placed"},{"order_id":75633,"status_timestamp":1642164560,"order_status":"placed"},{"order_id":75634,"status_timestamp":1642168405,"order_status":"placed"},{"order_id":75635,"status_timestamp":1642169221,"order_status":"placed"},{"order_id":75636,"status_timestamp":1642173432,"order_status":"placed"},{"order_id":75637,"status_timestamp":1642177769,"order_status":"placed"},{"order_id":75638,"status_timestamp":1642178284,"order_status":"placed"},{"order_id":75639,"status_timestamp":1642179834,"order_status":"placed"},{"order_id":75640,"status_timestamp":1642179909,"order_status":"placed"},{"order_id":75641,"status_timestamp":1642182739,"order_status":"placed"},{"order_id":75642,"status_timestamp":1642184364,"order_status":"placed"},{"order_id":75643,"status_timestamp":1642190671,"order_status":"placed"},{"order_id":75644,"status_timestamp":1642193183,"order_status":"placed"},{"order_id":75645,"status_timestamp":1642195497,"order_status":"placed"},{"order_id":75511,"status_timestamp":1642185424,"order_status":"preparing"},{"order_id":75514,"status_timestamp":1642171836,"order_status":"delivered"},{"order_id":75521,"status_timestamp":1642134218,"order_status":"on the way"},{"order_id":75527,"status_timestamp":1642149758,"order_status":"preparing"},{"order_id":75527,"status_timestamp":1642147936,"order_status":"on the way"},{"order_id":75527,"status_timestamp":1642152377,"order_status":"reported shipping error"},{"order_id":75529,"status_timestamp":1642135420,"order_status":"preparing"},{"order_id":75532,"status_timestamp":1642132963,"order_status":"preparing"},{"order_id":75533,"status_timestamp":1642175035,"order_status":"on the way"},{"order_id":75535,"status_timestamp":1642119490,"order_status":"delivered"},{"order_id":75538,"status_timestamp":1642123065,"order_status":"on the way"},{"order_id":75538,"status_timestamp":1642120456,"order_status":"delivered"},{"order_id":75540,"status_timestamp":1642176031,"order_status":"return requested"},{"order_id":75545,"status_timestamp":1642203107,"order_status":"preparing"},{"order_id":75548,"status_timestamp":1642129206,"order_status":"delivered"},{"order_id":75549,"status_timestamp":1642197277,"order_status":"preparing"},{"order_id":75554,"status_timestamp":1642168759,"order_status":"preparing"},{"order_id":75554,"status_timestamp":1642190648,"order_status":"on the way"},{"order_id":75554,"status_timestamp":1642172524,"order_status":"delivered"},{"order_id":75555,"status_timestamp":1642167033,"order_status":"on the way"},{"order_id":75556,"status_timestamp":1642160953,"order_status":"preparing"},{"order_id":75556,"status_timestamp":1642119555,"order_status":"delivered"},{"order_id":75562,"status_timestamp":1642136457,"order_status":"preparing"},{"order_id":75563,"status_timestamp":1642139318,"order_status":"preparing"},{"order_id":75563,"status_timestamp":1642127660,"order_status":"delivered"},{"order_id":75564,"status_timestamp":1642195500,"order_status":"on the way"},{"order_id":75564,"status_timestamp":1642165814,"order_status":"return requested"},{"order_id":75565,"status_timestamp":1642186149,"order_status":"preparing"},{"order_id":75566,"status_timestamp":1642165631,"order_status":"preparing"},{"order_id":75566,"status_timestamp":1642151314,"order_status":"on the way"},{"order_id":75566,"status_timestamp":1642131838,"order_status":"return requested"},{"order_id":75566,"status_timestamp":1642180271,"order_status":"return picked up"},{"order_id":75566,"status_timestamp":1642135124,"order_status":"return processed"},{"order_id":75567,"status_timestamp":1642126304,"order_status":"on the way"},{"order_id":75568,"status_timestamp":1642156447,"order_status":"on the way"},{"order_id":75568,"status_timestamp":1642119388,"order_status":"delivered"},{"order_id":75569,"status_timestamp":1642168237,"order_status":"delivered"},{"order_id":75569,"status_timestamp":1642147360,"order_status":"return requested"},{"order_id":75570,"status_timestamp":1642148442,"order_status":"delivered"},{"order_id":75571,"status_timestamp":1642183308,"order_status":"delivered"},{"order_id":75572,"status_timestamp":1642156481,"order_status":"on the way"},{"order_id":75572,"status_timestamp":1642143254,"order_status":"delivered"},{"order_id":75572,"status_timestamp":1642137482,"order_status":"return requested"},{"order_id":75572,"status_timestamp":1642121668,"order_status":"return canceled"},{"order_id":75574,"status_timestamp":1642122389,"order_status":"canceled"},{"order_id":75576,"status_timestamp":1642122433,"order_status":"preparing"},{"order_id":75576,"status_timestamp":1642175741,"order_status":"delivered"},{"order_id":75577,"status_timestamp":1642187269,"order_status":"on the way"},{"order_id":75580,"status_timestamp":1642167594,"order_status":"delivered"},{"order_id":75581,"status_timestamp":1642132676,"order_status":"on the way"},{"order_id":75581,"status_timestamp":1642180285,"order_status":"reported shipping error"},{"order_id":75582,"status_timestamp":1642184342,"order_status":"preparing"},{"order_id":75583,"status_timestamp":1642181904,"order_status":"canceled"},{"order_id":75585,"status_timestamp":1642203272,"order_status":"delivered"},{"order_id":75588,"status_timestamp":1642148957,"order_status":"on the way"},{"order_id":75588,"status_timestamp":1642148887,"order_status":"return requested"},{"order_id":75588,"status_timestamp":1642143409,"order_status":"return picked up"},{"order_id":75588,"status_timestamp":1642130487,"order_status":"return processed"},{"order_id":75589,"status_timestamp":1642127943,"order_status":"preparing"},{"order_id":75591,"status_timestamp":1642172109,"order_status":"preparing"},{"order_id":75594,"status_timestamp":1642203867,"order_status":"canceled"},{"order_id":75595,"status_timestamp":1642197978,"order_status":"preparing"},{"order_id":75597,"status_timestamp":1642166351,"order_status":"on the way"},{"order_id":75598,"status_timestamp":1642157161,"order_status":"on the way"},{"order_id":75599,"status_timestamp":1642156351,"order_status":"on the way"},{"order_id":75601,"status_timestamp":1642161612,"order_status":"return processed"},{"order_id":75602,"status_timestamp":1642166938,"order_status":"delivered"},{"order_id":75603,"status_timestamp":1642170127,"order_status":"return requested"},{"order_id":75604,"status_timestamp":1642168498,"order_status":"preparing"},{"order_id":75606,"status_timestamp":1642172840,"order_status":"return requested"},{"order_id":75606,"status_timestamp":1642201644,"order_status":"return processed"},{"order_id":75610,"status_timestamp":1642184183,"order_status":"preparing"},{"order_id":75612,"status_timestamp":1642184713,"order_status":"on the way"},{"order_id":75613,"status_timestamp":1642193447,"order_status":"delivered"},{"order_id":75617,"status_timestamp":1642202781,"order_status":"preparing"},{"order_id":75617,"status_timestamp":1642186167,"order_status":"delivered"},{"order_id":75618,"status_timestamp":1642195014,"order_status":"on the way"},{"order_id":75619,"status_timestamp":1642204297,"order_status":"delivered"}]