[{"order_id":75297,"status_timestamp":1640996822,"order_status":"placed"},{"order_id":75298,"status_timestamp":1641000470,"order_status":"placed"},{"order_id":75299,"status_timestamp":1641000707,"order_status":"placed"},{"order_id":75300,"status_timestamp":1641002550,"order_status":"placed"},{"order_id":75301,"status_timestamp":1641003380,"order_status":"placed"},{"order_id":75302,"status_timestamp":1641004093,"order_status":"placed"},{"order_id":75303,"status_timestamp":1641004638,"order_status":"placed"},{"order_id":75304,"status_timestamp":1641009857,"order_status":"placed"},{"order_id":75305,"status_timestamp":1641011274,"order_status":"placed"},{"order_id":75306,"status_timestamp":1641015380,"order_status":"placed"},{"order_id":75307,"status_timestamp":1641019649,"order_status":"placed"},{"order_id":75308,"status_timestamp":1641024875,"order_status":"placed"},{"order_id":75309,"status_timestamp":1641027378,"order_status":"placed"},{"order_id":75310,"status_timestamp":1641030683,"order_status":"placed"},{"order_id":75311,"status_timestamp":1641030689,"order_status":"placed"},{"order_id":75312,"status_timestamp":1641031735,"order_status":"placed"},{"order_id":75313,"status_timestamp":1641031941,"order_status":"placed"},{"order_id":75314,"status_timestamp":1641046002,"order_status":"placed"},{"order_id":75315,"status_timestamp":1641054983,"order_status":"placed"},{"order_id":75316,"status_timestamp":1641057356,"order_status":"placed"},{"order_id":75317,"status_timestamp":1641058714,"order_status":"placed"},{"order_id":75318,"status_timestamp":1641059215,"order_status":"placed"},{"order_id":75319,"status_timestamp":1641064749,"order_status":"placed"},{"order_id":75320,"status_timestamp":1641067354,"order_status":"placed"},{"order_id":75321,"status_timestamp":1641068705,"order_status":"placed"},{"order_id":75182,"status_timestamp":1641009705,"order_status":"on the way"},{"order_id":75184,"status_timestamp":1640996424,"order_status":"on the way"},{"order_id":75194,"status_timestamp":1641001958,"order_status":"reported shipping error"},{"order_id":75205,"status_timestamp":1641073097,"order_status":"on the way"},{"order_id":75207,"status_timestamp":1640998059,"order_status":"on the way"},{"order_id":75211,"status_timestamp":1641008576,"order_status":"preparing"},{"order_id":75211,"status_timestamp":1641078701,"order_status":"delivered"},{"order_id":75214,"status_timestamp":1641003991,"order_status":"delivered"},{"order_id":75215,"status_timestamp":1641049013,"order_status":"preparing"},{"order_id":75215,"status_timestamp":1641011222,"order_status":"delivered"},{"order_id":75216,"status_timestamp":1641023817,"order_status":"preparing"},{"order_id":75216,"status_timestamp":1641024011,"order_status":"on the way"},{"order_id":75220,"status_timestamp":1641026891,"order_status":"delivered"},{"order_id":75221,"status_timestamp":1641068876,"order_status":"preparing"},{"order_id":75223,"status_timestamp":1641040890,"order_status":"preparing"},{"order_id":75225,"status_timestamp":1641011960,"order_status":"preparing"},{"order_id":75228,"status_timestamp":1641068740,"order_status":"preparing"},{"order_id":75230,"status_timestamp":1641042139,"order_status":"on the way"},{"order_id":75233,"status_timestamp":1640995479,"order_status":"delivered"},{"order_id":75235,"status_timestamp":1640997284,"order_status":"preparing"},{"order_id":75235,"status_timestamp":1641021551,"order_status":"on the way"},{"order_id":75235,"status_timestamp":1641025523,"order_status":"delivered"},{"order_id":75237,"status_timestamp":1641028590,"order_status":"on the way"},{"order_id":75237,"status_timestamp":1641046867,"order_status":"delivered"},{"order_id":75238,"status_timestamp":1641006438,"order_status":"preparing"},{"order_id":75239,"status_timestamp":1641037723,"order_status":"on the way"},{"order_id":75239,"status_timestamp":1641020826,"order_status":"delivered"},{"order_id":75240,"status_timestamp":1641042834,"order_status":"preparing"},{"order_id":75240,"status_timestamp":1641003871,"order_status":"on the way"},{"order_id":75242,"status_timestamp":1641040867,"order_status":"preparing"},{"order_id":75242,"status_timestamp":1641000600,"order_status":"delivered"},{"order_id":75243,"status_timestamp":1641066673,"order_status":"preparing"},{"order_id":75243,"status_timestamp":1641007707,"order_status":"delivered"},{"order_id":75243,"status_timestamp":1641052932,"order_status":"return requested"},{"order_id":75243,"status_timestamp":1641020496,"order_status":"return picked up"},{"order_id":75244,"status_timestamp":1641014564,"order_status":"on the way"},{"order_id":75244,"status_timestamp":1641014319,"order_status":"delivered"},{"order_id":75246,"status_timestamp":1641003202,"order_status":"preparing"},{"order_id":75246,"status_timestamp":1640996134,"order_status":"on the way"},{"order_id":75246,"status_timestamp":1641026470,"order_status":"delivered"},{"order_id":75247,"status_timestamp":1641011260,"order_status":"preparing"},{"order_id":75247,"status_timestamp":1641048349,"order_status":"on the way"},{"order_id":75248,"status_timestamp":1641039330,"order_status":"preparing"},{"order_id":75251,"status_timestamp":1641062602,"order_status":"preparing"},{"order_id":75252,"status_timestamp":1641021857,"order_status":"return picked up"},{"order_id":75252,"status_timestamp":1641003793,"order_status":"return processed"},{"order_id":75254,"status_timestamp":1641064621,"order_status":"on the way"},{"order_id":75255,"status_timestamp":1641042688,"order_status":"preparing"},{"order_id":75256,"status_timestamp":1641005835,"order_status":"preparing"},{"order_id":75256,"status_timestamp":1641001621,"order_status":"delivered"},{"order_id":75257,"status_timestamp":1641042398,"order_status":"on the way"},{"order_id":75258,"status_timestamp":1641066808,"order_status":"preparing"},{"order_id":75259,"status_timestamp":1641008261,"order_status":"preparing"},{"order_id":75259,"status_timestamp":1641053479,"order_status":"on the way"},{"order_id":75259,"status_timestamp":1641041085,"order_status":"reported shipping error"},{"order_id":75260,"status_timestamp":1641060097,"order_status":"preparing"},{"order_id":75262,"status_timestamp":1641053611,"order_status":"on the way"},{"order_id":75262,"status_timestamp":1641047769,"order_status":"delivered"},{"order_id":75263,"status_timestamp":1641080128,"order_status":"preparing"},{"order_id":75263,"status_timestamp":1641070585,"order_status":"delivered"},{"order_id":75264,"status_timestamp":1641011863,"order_status":"preparing"},{"order_id":75264,"status_timestamp":1641012351,"order_status":"on the way"},{"order_id":75265,"status_timestamp":1641033900,"order_status":"preparing"},{"order_id":75265,"status_timestamp":1641038956,"order_status":"delivered"},{"order_id":75266,"status_timestamp":1641065502,"order_status":"delivered"},{"order_id":75267,"status_timestamp":1641040712,"order_status":"delivered"},{"order_id":75268,"status_timestamp":1641029828,"order_status":"on the way"},{"order_id":75269,"status_timestamp":1641003440,"order_status":"preparing"},{"order_id":75269,"status_timestamp":1641020400,"order_status":"reported shipping error"},{"order_id":75270,"status_timestamp":1641073750,"order_status":"preparing"},{"order_id":75270,"status_timestamp":1641023620,"order_status":"on the way"},{"order_id":75270,"status_timestamp":1641075082,"order_status":"delivered"},{"order_id":75272,"status_timestamp":1641045706,"order_status":"delivered"},{"order_id":75273,"status_timestamp":1641049315,"order_status":"delivered"},{"order_id":75274,"status_timestamp":1641076593,"order_status":"on the way"},{"order_id":75274,"status_timestamp":1641043808,"order_status":"delivered"},{"order_id":75275,"status_timestamp":1641016436,"order_status":"preparing"},{"order_id":75275,"status_timestamp":1640999781,"order_status":"on the way"},{"order_id":75275,"status_timestamp":1641056728,"order_status":"delivered"},{"order_id":75276,"status_timestamp":1641040521,"order_status":"return picked up"},{"order_id":75282,"status_timestamp":1641036839,"order_status":"preparing"},{"order_id":75282,"status_timestamp":1641072593,"order_status":"delivered"},{"order_id":75287,"status_timestamp":1641057308,"order_status":"preparing"},{"order_id":75287,"status_timestamp":1641079413,"order_status":"delivered"},{"order_id":75293,"status_timestamp":1641073322,"order_status":"preparing"},{"order_id":75296,"status_timestamp":1641079699,"order_status":"return processed"}]