[{"order_id":75468,"status_timestamp":1641602534,"order_status":"placed"},{"order_id":75469,"status_timestamp":1641604945,"order_status":"placed"},{"order_id":75470,"status_timestamp":1641605867,"order_status":"placed"},{"order_id":75471,"status_timestamp":1641615088,"order_status":"placed"},{"order_id":75472,"status_timestamp":1641619490,"order_status":"placed"},{"order_id":75473,"status_timestamp":1641620763,"order_status":"placed"},{"order_id":75474,"status_timestamp":1641622121,"order_status":"placed"},{"order_id":75475,"status_timestamp":1641622443,"order_status":"placed"},{"order_id":75476,"status_timestamp":1641625925,"order_status":"placed"},{"order_id":75477,"status_timestamp":1641626770,"order_status":"placed"},{"order_id":75478,"status_timestamp":1641627893,"order_status":"placed"},{"order_id":75479,"status_timestamp":1641630378,"order_status":"placed"},{"order_id":75480,"status_timestamp":1641637170,"order_status":"placed"},{"order_id":75481,"status_timestamp":1641640078,"order_status":"placed"},{"order_id":75482,"status_timestamp":1641645413,"order_status":"placed"},{"order_id":75483,"status_timestamp":1641645829,"order_status":"placed"},{"order_id":75484,"status_timestamp":1641645873,"order_status":"placed"},{"order_id":75485,"status_timestamp":1641648061,"order_status":"placed"},{"order_id":75486,"status_timestamp":1641655092,"order_status":"placed"},{"order_id":75487,"status_timestamp":1641662985,"order_status":"placed"},{"order_id":75488,"status_timestamp":1641671896,"order_status":"placed"},{"order_id":75489,"status_timestamp":1641673161,"order_status":"placed"},{"order_id":75490,"status_timestamp":1641674234,"order_status":"placed"},{"order_id":75491,"status_timestamp":1641677244,"order_status":"placed"},{"order_id":75492,"status_timestamp":1641679090,"order_status":"placed"},{"order_id":75331,"status_timestamp":1641600376,"order_status":"return picked up"},{"order_id":75346,"status_timestamp":1641629455,"order_status":"return processed"},{"order_id":75352,"status_timestamp":1641667872,"order_status":"on the way"},{"order_id":75360,"status_timestamp":1641644133,"order_status":"delivered"},{"order_id":75369,"status_timestamp":1641659551,"order_status":"preparing"},{"order_id":75371,"status_timestamp":1641647007,"order_status":"reported shipping error"},{"order_id":75372,"status_timestamp":1641662230,"order_status":"canceled"},{"order_id":75375,"status_timestamp":1641659583,"order_status":"preparing"},{"order_id":75381,"status_timestamp":1641650581,"order_status":"on the way"},{"order_id":75382,"status_timestamp":1641647414,"order_status":"return requested"},{"order_id":75385,"status_timestamp":1641616880,"order_status":"on the way"},{"order_id":75386,"status_timestamp":1641606540,"order_status":"preparing"},{"order_id":75387,"status_timestamp":1641625165,"order_status":"preparing"},{"order_id":75387,"status_timestamp":1641672057,"order_status":"return requested"},{"order_id":75392,"status_timestamp":1641626991,"order_status":"preparing"},{"order_id":75394,"status_timestamp":1641643229,"order_status":"preparing"},{"order_id":75400,"status_timestamp":1641600400,"order_status":"preparing"},{"order_id":75400,"status_timestamp":1641602912,"order_status":"on the way"},{"order_id":75401,"status_timestamp":1641658594,"order_status":"preparing"},{"order_id":75401,"status_timestamp":1641661315,"order_status":"canceled"},{"order_id":75402,"status_timestamp":1641665806,"order_status":"on the way"},{"order_id":75403,"status_timestamp":1641651793,"order_status":"delivered"},{"order_id":75404,"status_timestamp":1641655985,"order_status":"delivered"},{"order_id":75406,"status_timestamp":1641661959,"order_status":"preparing"},{"order_id":75409,"status_timestamp":1641618954,"order_status":"return requested"},{"order_id":75409,"status_timestamp":1641604123,"order_status":"return picked up"},{"order_id":75411,"status_timestamp":1641616668,"order_status":"preparing"},{"order_id":75411,"status_timestamp":1641647659,"order_status":"delivered"},{"order_id":75412,"status_timestamp":1641642777,"order_status":"preparing"},{"order_id":75413,"status_timestamp":1641625998,"order_status":"preparing"},{"order_id":75413,"status_timestamp":1641672696,"order_status":"delivered"},{"order_id":75414,"status_timestamp":1641639972,"order_status":"delivered"},{"order_id":75418,"status_timestamp":1641627526,"order_status":"preparing"},{"order_id":75418,"status_timestamp":1641641013,"order_status":"on the way"},{"order_id":75419,"status_timestamp":1641618695,"order_status":"delivered"},{"order_id":75421,"status_timestamp":1641653634,"order_status":"on the way"},{"order_id":75424,"status_timestamp":1641658154,"order_status":"preparing"},{"order_id":75426,"status_timestamp":1641624916,"order_status":"preparing"},{"order_id":75427,"status_timestamp":1641639061,"order_status":"on the way"},{"order_id":75427,"status_timestamp":1641652372,"order_status":"delivered"},{"order_id":75428,"status_timestamp":1641647690,"order_status":"delivered"},{"order_id":75429,"status_timestamp":1641683389,"order_status":"preparing"},{"order_id":75429,"status_timestamp":1641648701,"order_status":"on the way"},{"order_id":75430,"status_timestamp":1641679687,"order_status":"canceled"},{"order_id":75431,"status_timestamp":1641607838,"order_status":"on the way"},{"order_id":75431,"status_timestamp":1641672012,"order_status":"delivered"},{"order_id":75431,"status_timestamp":1641636524,"order_status":"return picked up"},{"order_id":75431,"status_timestamp":1641668703,"order_status":"return processed"},{"order_id":75433,"status_timestamp":1641643746,"order_status":"return picked up"},{"order_id":75436,"status_timestamp":1641654766,"order_status":"preparing"},{"order_id":75437,"status_timestamp":1641651410,"order_status":"preparing"},{"order_id":75438,"status_timestamp":1641674985,"order_status":"canceled"},{"order_id":75439,"status_timestamp":1641670055,"order_status":"preparing"},{"order_id":75439,"status_timestamp":1641600391,"order_status":"return processed"},{"order_id":75442,"status_timestamp":1641611512,"order_status":"delivered"},{"order_id":75443,"status_timestamp":1641672972,"order_status":"preparing"},{"order_id":75443,"status_timestamp":1641654726,"order_status":"return picked up"},{"order_id":75444,"status_timestamp":1641618346,"order_status":"preparing"},{"order_id":75444,"status_timestamp":1641668361,"order_status":"return requested"},{"order_id":75445,"status_timestamp":1641622778,"order_status":"on the way"},{"order_id":75446,"status_timestamp":1641623792,"order_status":"preparing"},{"order_id":75446,"status_timestamp":1641629684,"order_status":"return picked up"},{"order_id":75446,"status_timestamp":1641673348,"order_status":"return processed"},{"order_id":75447,"status_timestamp":1641662576,"order_status":"canceled"},{"order_id":75448,"status_timestamp":1641642210,"order_status":"preparing"},{"order_id":75449,"status_timestamp":1641645907,"order_status":"preparing"},{"order_id":75449,"status_timestamp":1641666338,"order_status":"delivered"},{"order_id":75454,"status_timestamp":1641657357,"order_status":"delivered"},{"order_id":75456,"status_timestamp":1641671515,"order_status":"on the way"},{"order_id":75458,"status_timestamp":1641663866,"order_status":"on the way"},{"order_id":75458,"status_timestamp":1641676856,"order_status":"return requested"},{"order_id":75459,"status_timestamp":1641674440,"order_status":"delivered"},{"order_id":75459,"status_timestamp":1641669173,"order_status":"return picked up"},{"order_id":75460,"status_timestamp":1641672397,"order_status":"delivered"}]