[{"order_id":75542,"status_timestamp":1641859251,"order_status":"placed"},{"order_id":75543,"status_timestamp":1641861581,"order_status":"placed"},{"order_id":75544,"status_timestamp":1641865949,"order_status":"placed"},{"order_id":75545,"status_timestamp":1641866794,"order_status":"placed"},{"order_id":75546,"status_timestamp":1641868404,"order_status":"placed"},{"order_id":75547,"status_timestamp":1641873198,"order_status":"placed"},{"order_id":75548,"status_timestamp":1641874102,"order_status":"placed"},{"order_id":75549,"status_timestamp":1641876494,"order_status":"placed"},{"order_id":75550,"status_timestamp":1641880718,"order_status":"placed"},{"order_id":75551,"status_timestamp":1641883307,"order_status":"placed"},{"order_id":75552,"status_timestamp":1641884663,"order_status":"placed"},{"order_id":75553,"status_timestamp":1641890730,"order_status":"placed"},{"order_id":75554,"status_timestamp":1641891017,"order_status":"placed"},{"order_id":75555,"status_timestamp":1641891926,"order_status":"placed"},{"order_id":75556,"status_timestamp":1641892538,"order_status":"placed"},{"order_id":75557,"status_timestamp":1641892833,"order_status":"placed"},{"order_id":75558,"status_timestamp":1641893849,"order_status":"placed"},{"order_id":75559,"status_timestamp":1641894120,"order_status":"placed"},{"order_id":75560,"status_timestamp":1641900469,"order_status":"placed"},{"order_id":75561,"status_timestamp":1641901135,"order_status":"placed"},{"order_id":75562,"status_timestamp":1641908476,"order_status":"placed"},{"order_id":75563,"status_timestamp":1641918614,"order_status":"placed"},{"order_id":75564,"status_timestamp":1641920334,"order_status":"placed"},{"order_id":75565,"status_timestamp":1641924194,"order_status":"placed"},{"order_id":75566,"status_timestamp":1641925234,"order_status":"placed"},{"order_id":75567,"status_timestamp":1641933383,"order_status":"placed"},{"order_id":75568,"status_timestamp":1641935578,"order_status":"placed"},{"order_id":75421,"status_timestamp":1641931569,"order_status":"preparing"},{"order_id":75439,"status_timestamp":1641921576,"order_status":"delivered"},{"order_id":75443,"status_timestamp":1641935411,"order_status":"return processed"},{"order_id":75450,"status_timestamp":1641863361,"order_status":"preparing"},{"order_id":75462,"status_timestamp":1641905172,"order_status":"preparing"},{"order_id":75462,"status_timestamp":1641902062,"order_status":"delivered"},{"order_id":75463,"status_timestamp":1641923538,"order_status":"on the way"},{"order_id":75470,"status_timestamp":1641884135,"order_status":"delivered"},{"order_id":75472,"status_timestamp":1641865168,"order_status":"delivered"},{"order_id":75474,"status_timestamp":1641859839,"order_status":"on the way"},{"order_id":75474,"status_timestamp":1641933488,"order_status":"delivered"},{"order_id":75476,"status_timestamp":1641917730,"order_status":"on the way"},{"order_id":75477,"status_timestamp":1641875703,"order_status":"preparing"},{"order_id":75477,"status_timestamp":1641874267,"order_status":"delivered"},{"order_id":75479,"status_timestamp":1641935546,"order_status":"preparing"},{"order_id":75479,"status_timestamp":1641924815,"order_status":"on the way"},{"order_id":75479,"status_timestamp":1641933970,"order_status":"return requested"},{"order_id":75479,"status_timestamp":1641919341,"order_status":"return picked up"},{"order_id":75480,"status_timestamp":1641883093,"order_status":"preparing"},{"order_id":75484,"status_timestamp":1641875757,"order_status":"on the way"},{"order_id":75484,"status_timestamp":1641883765,"order_status":"delivered"},{"order_id":75484,"status_timestamp":1641937337,"order_status":"return picked up"},{"order_id":75488,"status_timestamp":1641936480,"order_status":"delivered"},{"order_id":75489,"status_timestamp":1641908301,"order_status":"preparing"},{"order_id":75490,"status_timestamp":1641925858,"order_status":"preparing"},{"order_id":75490,"status_timestamp":1641891701,"order_status":"return requested"},{"order_id":75493,"status_timestamp":1641921972,"order_status":"preparing"},{"order_id":75493,"status_timestamp":1641875422,"order_status":"on the way"},{"order_id":75495,"status_timestamp":1641919786,"order_status":"on the way"},{"order_id":75495,"status_timestamp":1641937948,"order_status":"return picked up"},{"order_id":75497,"status_timestamp":1641925562,"order_status":"on the way"},{"order_id":75499,"status_timestamp":1641929758,"order_status":"preparing"},{"order_id":75499,"status_timestamp":1641891546,"order_status":"on the way"},{"order_id":75499,"status_timestamp":1641939016,"order_status":"delivered"},{"order_id":75501,"status_timestamp":1641891820,"order_status":"delivered"},{"order_id":75502,"status_timestamp":1641944954,"order_status":"preparing"},{"order_id":75503,"status_timestamp":1641941110,"order_status":"delivered"},{"order_id":75503,"status_timestamp":1641870665,"order_status":"return picked up"},{"order_id":75503,"status_timestamp":1641924193,"order_status":"return processed"},{"order_id":75504,"status_timestamp":1641936044,"order_status":"on the way"},{"order_id":75504,"status_timestamp":1641909595,"order_status":"delivered"},{"order_id":75505,"status_timestamp":1641943686,"order_status":"delivered"},{"order_id":75506,"status_timestamp":1641925487,"order_status":"canceled"},{"order_id":75507,"status_timestamp":1641943316,"order_status":"on the way"},{"order_id":75507,"status_timestamp":1641904472,"order_status":"delivered"},{"order_id":75508,"status_timestamp":1641920896,"order_status":"preparing"},{"order_id":75508,"status_timestamp":1641940694,"order_status":"delivered"},{"order_id":75508,"status_timestamp":1641938574,"order_status":"return picked up"},{"order_id":75510,"status_timestamp":1641902261,"order_status":"preparing"},{"order_id":75510,"status_timestamp":1641910836,"order_status":"delivered"},{"order_id":75511,"status_timestamp":1641941715,"order_status":"on the way"},{"order_id":75511,"status_timestamp":1641942383,"order_status":"delivered"},{"order_id":75512,"status_timestamp":1641889780,"order_status":"preparing"},{"order_id":75512,"status_timestamp":1641906869,"order_status":"delivered"},{"order_id":75513,"status_timestamp":1641918101,"order_status":"on the way"},{"order_id":75513,"status_timestamp":1641905810,"order_status":"delivered"},{"order_id":75515,"status_timestamp":1641884231,"order_status":"preparing"},{"order_id":75516,"status_timestamp":1641894970,"order_status":"preparing"},{"order_id":75517,"status_timestamp":1641934876,"order_status":"canceled"},{"order_id":75519,"status_timestamp":1641879163,"order_status":"on the way"},{"order_id":75520,"status_timestamp":1641870900,"order_status":"delivered"},{"order_id":75520,"status_timestamp":1641870965,"order_status":"return requested"},{"order_id":75520,"status_timestamp":1641881350,"order_status":"return processed"},{"order_id":75522,"status_timestamp":1641944740,"order_status":"preparing"},{"order_id":75522,"status_timestamp":1641931903,"order_status":"on the way"},{"order_id":75522,"status_timestamp":1641884793,"order_status":"delivered"},{"order_id":75523,"status_timestamp":1641884690,"order_status":"on the way"},{"order_id":75525,"status_timestamp":1641930001,"order_status":"on the way"},{"order_id":75525,"status_timestamp":1641896906,"order_status":"delivered"},{"order_id":75526,"status_timestamp":1641937065,"order_status":"preparing"},{"order_id":75526,"status_timestamp":1641915765,"order_status":"delivered"},{"order_id":75531,"status_timestamp":1641918278,"order_status":"delivered"},{"order_id":75531,"status_timestamp":1641932988,"order_status":"return requested"}]