[{"order_id":75593,"status_timestamp":1642033089,"order_status":"placed"},{"order_id":75594,"status_timestamp":1642036937,"order_status":"placed"},{"order_id":75595,"status_timestamp":1642037283,"order_status":"placed"},{"order_id":75596,"status_timestamp":1642039510,"order_status":"placed"},{"order_id":75597,"status_timestamp":1642039733,"order_status":"placed"},{"order_id":75598,"status_timestamp":1642039794,"order_status":"placed"},{"order_id":75599,"status_timestamp":1642043153,"order_status":"placed"},{"order_id":75600,"status_timestamp":1642045280,"order_status":"placed"},{"order_id":75601,"status_timestamp":1642046692,"order_status":"placed"},{"order_id":75602,"status_timestamp":1642054710,"order_status":"placed"},{"order_id":75603,"status_timestamp":1642056876,"order_status":"placed"},{"order_id":75604,"status_timestamp":1642063245,"order_status":"placed"},{"order_id":75605,"status_timestamp":1642064301,"order_status":"placed"},{"order_id":75606,"status_timestamp":1642068554,"order_status":"placed"},{"order_id":75607,"status_timestamp":1642073320,"order_status":"placed"},{"order_id":75608,"status_timestamp":1642074176,"order_status":"placed"},{"order_id":75609,"status_timestamp":1642074756,"order_status":"placed"},{"order_id":75610,"status_timestamp":1642074930,"order_status":"placed"},{"order_id":75611,"status_timestamp":1642075543,"order_status":"placed"},{"order_id":75612,"status_timestamp":1642083593,"order_status":"placed"},{"order_id":75613,"status_timestamp":1642085180,"order_status":"placed"},{"order_id":75614,"status_timestamp":1642089386,"order_status":"placed"},{"order_id":75615,"status_timestamp":1642089800,"order_status":"placed"},{"order_id":75616,"status_timestamp":1642094604,"order_status":"placed"},{"order_id":75617,"status_timestamp":1642094980,"order_status":"placed"},{"order_id":75618,"status_timestamp":1642101067,"order_status":"placed"},{"order_id":75619,"status_timestamp":1642103750,"order_status":"placed"},{"order_id":75450,"status_timestamp":1642042591,"order_status":"on the way"},{"order_id":75482,"status_timestamp":1642105634,"order_status":"canceled"},{"order_id":75491,"status_timestamp":1642080714,"order_status":"delivered"},{"order_id":75500,"status_timestamp":1642058975,"order_status":"delivered"},{"order_id":75503,"status_timestamp":1642043763,"order_status":"preparing"},{"order_id":75506,"status_timestamp":1642056331,"order_status":"preparing"},{"order_id":75514,"status_timestamp":1642081108,"order_status":"on the way"},{"order_id":75515,"status_timestamp":1642035861,"order_status":"on the way"},{"order_id":75518,"status_timestamp":1642054387,"order_status":"on the way"},{"order_id":75519,"status_timestamp":1642045296,"order_status":"preparing"},{"order_id":75520,"status_timestamp":1642109384,"order_status":"preparing"},{"order_id":75520,"status_timestamp":1642057170,"order_status":"return picked up"},{"order_id":75521,"status_timestamp":1642035833,"order_status":"delivered"},{"order_id":75524,"status_timestamp":1642077928,"order_status":"delivered"},{"order_id":75525,"status_timestamp":1642040409,"order_status":"preparing"},{"order_id":75530,"status_timestamp":1642069979,"order_status":"preparing"},{"order_id":75531,"status_timestamp":1642072290,"order_status":"on the way"},{"order_id":75531,"status_timestamp":1642047215,"order_status":"return picked up"},{"order_id":75531,"status_timestamp":1642093058,"order_status":"return processed"},{"order_id":75535,"status_timestamp":1642088797,"order_status":"preparing"},{"order_id":75535,"status_timestamp":1642040227,"order_status":"on the way"},{"order_id":75536,"status_timestamp":1642048993,"order_status":"delivered"},{"order_id":75537,"status_timestamp":1642110207,"order_status":"preparing"},{"order_id":75537,"status_timestamp":1642110461,"order_status":"delivered"},{"order_id":75538,"status_timestamp":1642070583,"order_status":"preparing"},{"order_id":75539,"status_timestamp":1642085491,"order_status":"on the way"},{"order_id":75540,"status_timestamp":1642104303,"order_status":"preparing"},{"order_id":75540,"status_timestamp":1642070799,"order_status":"on the way"},{"order_id":75540,"status_timestamp":1642079725,"order_status":"return canceled"},{"order_id":75542,"status_timestamp":1642043056,"order_status":"delivered"},{"order_id":75542,"status_timestamp":1642101815,"order_status":"return requested"},{"order_id":75543,"status_timestamp":1642048285,"order_status":"preparing"},{"order_id":75543,"status_timestamp":1642054216,"order_status":"delivered"},{"order_id":75543,"status_timestamp":1642112708,"order_status":"return requested"},{"order_id":75543,"status_timestamp":1642102675,"order_status":"return picked up"},{"order_id":75544,"status_timestamp":1642100790,"order_status":"preparing"},{"order_id":75544,"status_timestamp":1642111406,"order_status":"on the way"},{"order_id":75544,"status_timestamp":1642073499,"order_status":"delivered"},{"order_id":75545,"status_timestamp":1642062301,"order_status":"on the way"},{"order_id":75545,"status_timestamp":1642108866,"order_status":"delivered"},{"order_id":75546,"status_timestamp":1642036230,"order_status":"preparing"},{"order_id":75546,"status_timestamp":1642117456,"order_status":"on the way"},{"order_id":75546,"status_timestamp":1642097637,"order_status":"delivered"},{"order_id":75547,"status_timestamp":1642047031,"order_status":"on the way"},{"order_id":75547,"status_timestamp":1642110272,"order_status":"delivered"},{"order_id":75548,"status_timestamp":1642058167,"order_status":"preparing"},{"order_id":75552,"status_timestamp":1642107455,"order_status":"on the way"},{"order_id":75552,"status_timestamp":1642097820,"order_status":"delivered"},{"order_id":75552,"status_timestamp":1642099168,"order_status":"return requested"},{"order_id":75553,"status_timestamp":1642045046,"order_status":"preparing"},{"order_id":75553,"status_timestamp":1642039639,"order_status":"delivered"},{"order_id":75554,"status_timestamp":1642049621,"order_status":"return requested"},{"order_id":75554,"status_timestamp":1642041112,"order_status":"return processed"},{"order_id":75555,"status_timestamp":1642117550,"order_status":"preparing"},{"order_id":75555,"status_timestamp":1642074691,"order_status":"return requested"},{"order_id":75557,"status_timestamp":1642112455,"order_status":"delivered"},{"order_id":75558,"status_timestamp":1642061240,"order_status":"delivered"},{"order_id":75559,"status_timestamp":1642054106,"order_status":"on the way"},{"order_id":75560,"status_timestamp":1642038182,"order_status":"on the way"},{"order_id":75561,"status_timestamp":1642116866,"order_status":"preparing"},{"order_id":75561,"status_timestamp":1642044919,"order_status":"on the way"},{"order_id":75561,"status_timestamp":1642091794,"order_status":"delivered"},{"order_id":75562,"status_timestamp":1642083496,"order_status":"delivered"},{"order_id":75563,"status_timestamp":1642109821,"order_status":"on the way"},{"order_id":75564,"status_timestamp":1642074324,"order_status":"preparing"},{"order_id":75564,"status_timestamp":1642044322,"order_status":"delivered"},{"order_id":75565,"status_timestamp":1642058472,"order_status":"on the way"},{"order_id":75565,"status_timestamp":1642041345,"order_status":"delivered"},{"order_id":75567,"status_timestamp":1642117218,"order_status":"reported shipping error"},{"order_id":75568,"status_timestamp":1642073632,"order_status":"preparing"},{"order_id":75569,"status_timestamp":1642053109,"order_status":"return picked up"},{"order_id":75570,"status_timestamp":1642098787,"order_status":"on the way"},{"order_id":75571,"status_timestamp":1642051811,"order_status":"on the way"},{"order_id":75573,"status_timestamp":1642075634,"order_status":"on the way"},{"order_id":75574,"status_timestamp":1642116093,"order_status":"preparing"},{"order_id":75575,"status_timestamp":1642103549,"order_status":"on the way"},{"order_id":75576,"status_timestamp":1642085884,"order_status":"on the way"},{"order_id":75579,"status_timestamp":1642080529,"order_status":"preparing"},{"order_id":75580,"status_timestamp":1642110054,"order_status":"preparing"},{"order_id":75581,"status_timestamp":1642094459,"order_status":"preparing"},{"order_id":75584,"status_timestamp":1642080883,"order_status":"return requested"},{"order_id":75587,"status_timestamp":1642091340,"order_status":"on the way"},{"order_id":75587,"status_timestamp":1642093730,"order_status":"delivered"}]