[{"order_id":75672,"status_timestamp":1642292348,"order_status":"placed"},{"order_id":75673,"status_timestamp":1642295119,"order_status":"placed"},{"order_id":75674,"status_timestamp":1642296126,"order_status":"placed"},{"order_id":75675,"status_timestamp":1642297105,"order_status":"placed"},{"order_id":75676,"status_timestamp":1642306307,"order_status":"placed"},{"order_id":75677,"status_timestamp":1642306761,"order_status":"placed"},{"order_id":75678,"status_timestamp":1642308857,"order_status":"placed"},{"order_id":75679,"status_timestamp":1642313565,"order_status":"placed"},{"order_id":75680,"status_timestamp":1642321449,"order_status":"placed"},{"order_id":75681,"status_timestamp":1642322529,"order_status":"placed"},{"order_id":75682,"status_timestamp":1642322922,"order_status":"placed"},{"order_id":75683,"status_timestamp":1642326074,"order_status":"placed"},{"order_id":75684,"status_timestamp":1642326113,"order_status":"placed"},{"order_id":75685,"status_timestamp":1642334273,"order_status":"placed"},{"order_id":75686,"status_timestamp":1642342883,"order_status":"placed"},{"order_id":75687,"status_timestamp":1642344002,"order_status":"placed"},{"order_id":75688,"status_timestamp":1642344187,"order_status":"placed"},{"order_id":75689,"status_timestamp":1642352230,"order_status":"placed"},{"order_id":75690,"status_timestamp":1642354450,"order_status":"placed"},{"order_id":75691,"status_timestamp":1642355889,"order_status":"placed"},{"order_id":75692,"status_timestamp":1642362000,"order_status":"placed"},{"order_id":75693,"status_timestamp":1642364458,"order_status":"placed"},{"order_id":75694,"status_timestamp":1642364902,"order_status":"placed"},{"order_id":75695,"status_timestamp":1642371046,"order_status":"placed"},{"order_id":75696,"status_timestamp":1642372337,"order_status":"placed"},{"order_id":75542,"status_timestamp":1642345463,"order_status":"on the way"},{"order_id":75551,"status_timestamp":1642352952,"order_status":"preparing"},{"order_id":75554,"status_timestamp":1642301926,"order_status":"return picked up"},{"order_id":75562,"status_timestamp":1642361671,"order_status":"on the way"},{"order_id":75564,"status_timestamp":1642310807,"order_status":"return picked up"},{"order_id":75572,"status_timestamp":1642366111,"order_status":"preparing"},{"order_id":75577,"status_timestamp":1642358285,"order_status":"preparing"},{"order_id":75579,"status_timestamp":1642301221,"order_status":"delivered"},{"order_id":75584,"status_timestamp":1642304319,"order_status":"on the way"},{"order_id":75585,"status_timestamp":1642365847,"order_status":"preparing"},{"order_id":75585,"status_timestamp":1642321753,"order_status":"on the way"},{"order_id":75586,"status_timestamp":1642292729,"order_status":"delivered"},{"order_id":75588,"status_timestamp":1642338000,"order_status":"preparing"},{"order_id":75588,"status_timestamp":1642295920,"order_status":"delivered"},{"order_id":75591,"status_timestamp":1642362385,"order_status":"on the way"},{"order_id":75592,"status_timestamp":1642319410,"order_status":"on the way"},{"order_id":75595,"status_timestamp":1642321075,"order_status":"on the way"},{"order_id":75597,"status_timestamp":1642350889,"order_status":"delivered"},{"order_id":75600,"status_timestamp":1642299398,"order_status":"preparing"},{"order_id":75601,"status_timestamp":1642293382,"order_status":"on the way"},{"order_id":75601,"status_timestamp":1642364264,"order_status":"return requested"},{"order_id":75603,"status_timestamp":1642340632,"order_status":"preparing"},{"order_id":75603,"status_timestamp":1642295351,"order_status":"return picked up"},{"order_id":75606,"status_timestamp":1642296650,"order_status":"preparing"},{"order_id":75609,"status_timestamp":1642352955,"order_status":"on the way"},{"order_id":75611,"status_timestamp":1642321671,"order_status":"on the way"},{"order_id":75612,"status_timestamp":1642311587,"order_status":"preparing"},{"order_id":75614,"status_timestamp":1642292698,"order_status":"preparing"},{"order_id":75615,"status_timestamp":1642317076,"order_status":"on the way"},{"order_id":75616,"status_timestamp":1642299440,"order_status":"delivered"},{"order_id":75618,"status_timestamp":1642321542,"order_status":"preparing"},{"order_id":75618,"status_timestamp":1642318713,"order_status":"delivered"},{"order_id":75618,"status_timestamp":1642348905,"order_status":"return requested"},{"order_id":75620,"status_timestamp":1642318215,"order_status":"preparing"},{"order_id":75620,"status_timestamp":1642294349,"order_status":"on the way"},{"order_id":75622,"status_timestamp":1642358275,"order_status":"on the way"},{"order_id":75623,"status_timestamp":1642333560,"order_status":"delivered"},{"order_id":75624,"status_timestamp":1642316082,"order_status":"preparing"},{"order_id":75624,"status_timestamp":1642310803,"order_status":"on the way"},{"order_id":75624,"status_timestamp":1642374111,"order_status":"delivered"},{"order_id":75626,"status_timestamp":1642326367,"order_status":"canceled"},{"order_id":75627,"status_timestamp":1642320078,"order_status":"on the way"},{"order_id":75628,"status_timestamp":1642345487,"order_status":"preparing"},{"order_id":75628,"status_timestamp":1642358725,"order_status":"on the way"},{"order_id":75628,"status_timestamp":1642316833,"order_status":"delivered"},{"order_id":75629,"status_timestamp":1642297893,"order_status":"delivered"},{"order_id":75630,"status_timestamp":1642326719,"order_status":"preparing"},{"order_id":75630,"status_timestamp":1642364090,"order_status":"on the way"},{"order_id":75630,"status_timestamp":1642311438,"order_status":"delivered"},{"order_id":75631,"status_timestamp":1642353649,"order_status":"preparing"},{"order_id":75631,"status_timestamp":1642367906,"order_status":"on the way"},{"order_id":75632,"status_timestamp":1642360056,"order_status":"on the way"},{"order_id":75632,"status_timestamp":1642301085,"order_status":"return picked up"},{"order_id":75632,"status_timestamp":1642367505,"order_status":"return processed"},{"order_id":75633,"status_timestamp":1642310783,"order_status":"return picked up"},{"order_id":75633,"status_timestamp":1642366040,"order_status":"return processed"},{"order_id":75634,"status_timestamp":1642299794,"order_status":"preparing"},{"order_id":75634,"status_timestamp":1642312660,"order_status":"on the way"},{"order_id":75634,"status_timestamp":1642354844,"order_status":"delivered"},{"order_id":75635,"status_timestamp":1642316831,"order_status":"preparing"},{"order_id":75636,"status_timestamp":1642312915,"order_status":"on the way"},{"order_id":75636,"status_timestamp":1642295001,"order_status":"return picked up"},{"order_id":75637,"status_timestamp":1642318636,"order_status":"on the way"},{"order_id":75637,"status_timestamp":1642323663,"order_status":"delivered"},{"order_id":75642,"status_timestamp":1642309400,"order_status":"delivered"},{"order_id":75643,"status_timestamp":1642372192,"order_status":"delivered"},{"order_id":75645,"status_timestamp":1642292209,"order_status":"preparing"},{"order_id":75645,"status_timestamp":1642291240,"order_status":"on the way"},{"order_id":75649,"status_timestamp":1642341386,"order_status":"on the way"},{"order_id":75650,"status_timestamp":1642344409,"order_status":"canceled"},{"order_id":75652,"status_timestamp":1642336625,"order_status":"on the way"},{"order_id":75653,"status_timestamp":1642334857,"order_status":"delivered"},{"order_id":75658,"status_timestamp":1642347347,"order_status":"preparing"},{"order_id":75659,"status_timestamp":1642350962,"order_status":"on the way"},{"order_id":75659,"status_timestamp":1642341889,"order_status":"delivered"},{"order_id":75660,"status_timestamp":1642375553,"order_status":"on the way"},{"order_id":75661,"status_timestamp":1642371111,"order_status":"on the way"},{"order_id":75665,"status_timestamp":1642357567,"order_status":"return picked up"},{"order_id":75666,"status_timestamp":1642351340,"order_status":"preparing"},{"order_id":75666,"status_timestamp":1642363169,"order_status":"on the way"}]