[{"order_id":75772,"status_timestamp":1642638054,"order_status":"placed"},{"order_id":75773,"status_timestamp":1642644078,"order_status":"placed"},{"order_id":75774,"status_timestamp":1642644729,"order_status":"placed"},{"order_id":75775,"status_timestamp":1642646330,"order_status":"placed"},{"order_id":75776,"status_timestamp":1642652865,"order_status":"placed"},{"order_id":75777,"status_timestamp":1642655727,"order_status":"placed"},{"order_id":75778,"status_timestamp":1642657381,"order_status":"placed"},{"order_id":75779,"status_timestamp":1642672239,"order_status":"placed"},{"order_id":75780,"status_timestamp":1642676143,"order_status":"placed"},{"order_id":75781,"status_timestamp":1642680465,"order_status":"placed"},{"order_id":75782,"status_timestamp":1642682131,"order_status":"placed"},{"order_id":75783,"status_timestamp":1642683085,"order_status":"placed"},{"order_id":75784,"status_timestamp":1642687483,"order_status":"placed"},{"order_id":75785,"status_timestamp":1642689857,"order_status":"placed"},{"order_id":75786,"status_timestamp":1642690525,"order_status":"placed"},{"order_id":75787,"status_timestamp":1642692215,"order_status":"placed"},{"order_id":75788,"status_timestamp":1642693058,"order_status":"placed"},{"order_id":75789,"status_timestamp":1642693607,"order_status":"placed"},{"order_id":75790,"status_timestamp":1642696648,"order_status":"placed"},{"order_id":75791,"status_timestamp":1642700802,"order_status":"placed"},{"order_id":75792,"status_timestamp":1642705447,"order_status":"placed"},{"order_id":75793,"status_timestamp":1642709408,"order_status":"placed"},{"order_id":75794,"status_timestamp":1642713770,"order_status":"placed"},{"order_id":75795,"status_timestamp":1642714807,"order_status":"placed"},{"order_id":75796,"status_timestamp":1642716953,"order_status":"placed"},{"order_id":75797,"status_timestamp":1642718803,"order_status":"placed"},{"order_id":75649,"status_timestamp":1642691164,"order_status":"preparing"},{"order_id":75653,"status_timestamp":1642644621,"order_status":"preparing"},{"order_id":75669,"status_timestamp":1642702321,"order_status":"preparing"},{"order_id":75681,"status_timestamp":1642641307,"order_status":"on the way"},{"order_id":75686,"status_timestamp":1642665997,"order_status":"preparing"},{"order_id":75687,"status_timestamp":1642648527,"order_status":"delivered"},{"order_id":75689,"status_timestamp":1642653844,"order_status":"preparing"},{"order_id":75692,"status_timestamp":1642716542,"order_status":"preparing"},{"order_id":75692,"status_timestamp":1642643397,"order_status":"return requested"},{"order_id":75693,"status_timestamp":1642694140,"order_status":"on the way"},{"order_id":75693,"status_timestamp":1642644145,"order_status":"reported shipping error"},{"order_id":75694,"status_timestamp":1642658392,"order_status":"preparing"},{"order_id":75694,"status_timestamp":1642653073,"order_status":"on the way"},{"order_id":75695,"status_timestamp":1642675101,"order_status":"preparing"},{"order_id":75696,"status_timestamp":1642696726,"order_status":"delivered"},{"order_id":75697,"status_timestamp":1642708929,"order_status":"on the way"},{"order_id":75698,"status_timestamp":1642659959,"order_status":"preparing"},{"order_id":75698,"status_timestamp":1642713368,"order_status":"on the way"},{"order_id":75698,"status_timestamp":1642654306,"order_status":"delivered"},{"order_id":75699,"status_timestamp":1642706150,"order_status":"canceled"},{"order_id":75700,"status_timestamp":1642677915,"order_status":"delivered"},{"order_id":75700,"status_timestamp":1642652691,"order_status":"return requested"},{"order_id":75705,"status_timestamp":1642716559,"order_status":"preparing"},{"order_id":75706,"status_timestamp":1642702579,"order_status":"preparing"},{"order_id":75707,"status_timestamp":1642674774,"order_status":"delivered"},{"order_id":75712,"status_timestamp":1642662120,"order_status":"preparing"},{"order_id":75712,"status_timestamp":1642656613,"order_status":"on the way"},{"order_id":75714,"status_timestamp":1642676113,"order_status":"preparing"},{"order_id":75714,"status_timestamp":1642649834,"order_status":"return requested"},{"order_id":75715,"status_timestamp":1642689525,"order_status":"delivered"},{"order_id":75716,"status_timestamp":1642659631,"order_status":"preparing"},{"order_id":75718,"status_timestamp":1642671964,"order_status":"preparing"},{"order_id":75718,"status_timestamp":1642638123,"order_status":"delivered"},{"order_id":75720,"status_timestamp":1642644691,"order_status":"delivered"},{"order_id":75721,"status_timestamp":1642657324,"order_status":"preparing"},{"order_id":75722,"status_timestamp":1642661466,"order_status":"delivered"},{"order_id":75723,"status_timestamp":1642690757,"order_status":"on the way"},{"order_id":75725,"status_timestamp":1642667032,"order_status":"delivered"},{"order_id":75727,"status_timestamp":1642638359,"order_status":"delivered"},{"order_id":75729,"status_timestamp":1642637176,"order_status":"preparing"},{"order_id":75730,"status_timestamp":1642674584,"order_status":"delivered"},{"order_id":75731,"status_timestamp":1642645222,"order_status":"preparing"},{"order_id":75731,"status_timestamp":1642652511,"order_status":"delivered"},{"order_id":75732,"status_timestamp":1642655387,"order_status":"preparing"},{"order_id":75733,"status_timestamp":1642705410,"order_status":"on the way"},{"order_id":75733,"status_timestamp":1642654562,"order_status":"delivered"},{"order_id":75734,"status_timestamp":1642643256,"order_status":"on the way"},{"order_id":75735,"status_timestamp":1642647509,"order_status":"on the way"},{"order_id":75735,"status_timestamp":1642703281,"order_status":"delivered"},{"order_id":75738,"status_timestamp":1642688748,"order_status":"preparing"},{"order_id":75738,"status_timestamp":1642683219,"order_status":"delivered"},{"order_id":75739,"status_timestamp":1642695696,"order_status":"delivered"},{"order_id":75740,"status_timestamp":1642648537,"order_status":"preparing"},{"order_id":75741,"status_timestamp":1642658400,"order_status":"preparing"},{"order_id":75742,"status_timestamp":1642652383,"order_status":"preparing"},{"order_id":75744,"status_timestamp":1642699571,"order_status":"preparing"},{"order_id":75745,"status_timestamp":1642722074,"order_status":"preparing"},{"order_id":75746,"status_timestamp":1642684934,"order_status":"preparing"},{"order_id":75747,"status_timestamp":1642667263,"order_status":"on the way"},{"order_id":75747,"status_timestamp":1642712555,"order_status":"delivered"},{"order_id":75748,"status_timestamp":1642703158,"order_status":"canceled"},{"order_id":75749,"status_timestamp":1642648184,"order_status":"on the way"},{"order_id":75750,"status_timestamp":1642699975,"order_status":"on the way"},{"order_id":75751,"status_timestamp":1642681430,"order_status":"delivered"},{"order_id":75752,"status_timestamp":1642719727,"order_status":"on the way"},{"order_id":75754,"status_timestamp":1642698679,"order_status":"preparing"},{"order_id":75754,"status_timestamp":1642692196,"order_status":"canceled"},{"order_id":75755,"status_timestamp":1642684849,"order_status":"on the way"},{"order_id":75757,"status_timestamp":1642681895,"order_status":"reported shipping error"},{"order_id":75758,"status_timestamp":1642696384,"order_status":"preparing"},{"order_id":75759,"status_timestamp":1642698639,"order_status":"preparing"},{"order_id":75759,"status_timestamp":1642719138,"order_status":"canceled"},{"order_id":75761,"status_timestamp":1642709054,"order_status":"return processed"},{"order_id":75762,"status_timestamp":1642703427,"order_status":"preparing"},{"order_id":75766,"status_timestamp":1642711008,"order_status":"on the way"},{"order_id":75767,"status_timestamp":1642700671,"order_status":"canceled"},{"order_id":75770,"status_timestamp":1642714290,"order_status":"preparing"}]