[{"order_id":75870,"status_timestamp":1642985398,"order_status":"placed"},{"order_id":75871,"status_timestamp":1642990732,"order_status":"placed"},{"order_id":75872,"status_timestamp":1642991795,"order_status":"placed"},{"order_id":75873,"status_timestamp":1642992079,"order_status":"placed"},{"order_id":75874,"status_timestamp":1643001660,"order_status":"placed"},{"order_id":75875,"status_timestamp":1643002008,"order_status":"placed"},{"order_id":75876,"status_timestamp":1643004180,"order_status":"placed"},{"order_id":75877,"status_timestamp":1643004318,"order_status":"placed"},{"order_id":75878,"status_timestamp":1643004371,"order_status":"placed"},{"order_id":75879,"status_timestamp":1643010457,"order_status":"placed"},{"order_id":75880,"status_timestamp":1643012329,"order_status":"placed"},{"order_id":75881,"status_timestamp":1643023487,"order_status":"placed"},{"order_id":75882,"status_timestamp":1643025431,"order_status":"placed"},{"order_id":75883,"status_timestamp":1643029966,"order_status":"placed"},{"order_id":75884,"status_timestamp":1643036938,"order_status":"placed"},{"order_id":75885,"status_timestamp":1643037194,"order_status":"placed"},{"order_id":75886,"status_timestamp":1643041391,"order_status":"placed"},{"order_id":75887,"status_timestamp":1643042245,"order_status":"placed"},{"order_id":75888,"status_timestamp":1643044648,"order_status":"placed"},{"order_id":75889,"status_timestamp":1643047783,"order_status":"placed"},{"order_id":75890,"status_timestamp":1643048012,"order_status":"placed"},{"order_id":75891,"status_timestamp":1643051161,"order_status":"placed"},{"order_id":75892,"status_timestamp":1643057536,"order_status":"placed"},{"order_id":75760,"status_timestamp":1642983713,"order_status":"delivered"},{"order_id":75761,"status_timestamp":1642989439,"order_status":"on the way"},{"order_id":75764,"status_timestamp":1643001680,"order_status":"preparing"},{"order_id":75768,"status_timestamp":1643003438,"order_status":"on the way"},{"order_id":75776,"status_timestamp":1643004853,"order_status":"preparing"},{"order_id":75784,"status_timestamp":1642996021,"order_status":"preparing"},{"order_id":75787,"status_timestamp":1643062865,"order_status":"preparing"},{"order_id":75789,"status_timestamp":1642984336,"order_status":"preparing"},{"order_id":75789,"status_timestamp":1643032580,"order_status":"return processed"},{"order_id":75792,"status_timestamp":1642986999,"order_status":"delivered"},{"order_id":75795,"status_timestamp":1643003332,"order_status":"delivered"},{"order_id":75796,"status_timestamp":1642983739,"order_status":"on the way"},{"order_id":75796,"status_timestamp":1643048450,"order_status":"delivered"},{"order_id":75803,"status_timestamp":1643015592,"order_status":"preparing"},{"order_id":75803,"status_timestamp":1643015748,"order_status":"on the way"},{"order_id":75803,"status_timestamp":1642983913,"order_status":"delivered"},{"order_id":75804,"status_timestamp":1643058414,"order_status":"preparing"},{"order_id":75805,"status_timestamp":1642986656,"order_status":"preparing"},{"order_id":75805,"status_timestamp":1643054990,"order_status":"on the way"},{"order_id":75806,"status_timestamp":1642985360,"order_status":"preparing"},{"order_id":75807,"status_timestamp":1642984721,"order_status":"preparing"},{"order_id":75807,"status_timestamp":1642982419,"order_status":"delivered"},{"order_id":75807,"status_timestamp":1643041428,"order_status":"return requested"},{"order_id":75808,"status_timestamp":1643039553,"order_status":"preparing"},{"order_id":75808,"status_timestamp":1643019337,"order_status":"on the way"},{"order_id":75809,"status_timestamp":1642996101,"order_status":"preparing"},{"order_id":75809,"status_timestamp":1642986640,"order_status":"on the way"},{"order_id":75811,"status_timestamp":1643003524,"order_status":"canceled"},{"order_id":75812,"status_timestamp":1643015532,"order_status":"delivered"},{"order_id":75813,"status_timestamp":1643041810,"order_status":"delivered"},{"order_id":75814,"status_timestamp":1643006043,"order_status":"delivered"},{"order_id":75815,"status_timestamp":1642982754,"order_status":"preparing"},{"order_id":75815,"status_timestamp":1642999339,"order_status":"on the way"},{"order_id":75817,"status_timestamp":1643027449,"order_status":"canceled"},{"order_id":75818,"status_timestamp":1642995062,"order_status":"return picked up"},{"order_id":75820,"status_timestamp":1642984468,"order_status":"delivered"},{"order_id":75820,"status_timestamp":1643044987,"order_status":"return processed"},{"order_id":75821,"status_timestamp":1643015853,"order_status":"on the way"},{"order_id":75822,"status_timestamp":1643006076,"order_status":"on the way"},{"order_id":75823,"status_timestamp":1643018806,"order_status":"preparing"},{"order_id":75824,"status_timestamp":1643058044,"order_status":"on the way"},{"order_id":75824,"status_timestamp":1642993731,"order_status":"delivered"},{"order_id":75825,"status_timestamp":1643011212,"order_status":"preparing"},{"order_id":75826,"status_timestamp":1643008615,"order_status":"preparing"},{"order_id":75827,"status_timestamp":1643001277,"order_status":"preparing"},{"order_id":75827,"status_timestamp":1643032548,"order_status":"delivered"},{"order_id":75828,"status_timestamp":1642997001,"order_status":"preparing"},{"order_id":75828,"status_timestamp":1643048700,"order_status":"on the way"},{"order_id":75833,"status_timestamp":1643060334,"order_status":"preparing"},{"order_id":75833,"status_timestamp":1643022921,"order_status":"delivered"},{"order_id":75834,"status_timestamp":1643068153,"order_status":"preparing"},{"order_id":75834,"status_timestamp":1643052711,"order_status":"on the way"},{"order_id":75835,"status_timestamp":1643067515,"order_status":"preparing"},{"order_id":75836,"status_timestamp":1643046799,"order_status":"preparing"},{"order_id":75837,"status_timestamp":1642996492,"order_status":"preparing"},{"order_id":75838,"status_timestamp":1642986561,"order_status":"preparing"},{"order_id":75839,"status_timestamp":1643068580,"order_status":"on the way"},{"order_id":75839,"status_timestamp":1643041051,"order_status":"delivered"},{"order_id":75841,"status_timestamp":1642986540,"order_status":"preparing"},{"order_id":75841,"status_timestamp":1642983575,"order_status":"delivered"},{"order_id":75845,"status_timestamp":1642995523,"order_status":"return requested"},{"order_id":75845,"status_timestamp":1643052641,"order_status":"return processed"},{"order_id":75846,"status_timestamp":1643054111,"order_status":"preparing"},{"order_id":75847,"status_timestamp":1642993372,"order_status":"delivered"},{"order_id":75848,"status_timestamp":1643059920,"order_status":"preparing"},{"order_id":75850,"status_timestamp":1643011697,"order_status":"return requested"},{"order_id":75850,"status_timestamp":1643054345,"order_status":"return canceled"},{"order_id":75851,"status_timestamp":1642999062,"order_status":"preparing"},{"order_id":75851,"status_timestamp":1643036914,"order_status":"on the way"},{"order_id":75851,"status_timestamp":1643005071,"order_status":"delivered"},{"order_id":75853,"status_timestamp":1643011951,"order_status":"preparing"},{"order_id":75854,"status_timestamp":1643023035,"order_status":"preparing"},{"order_id":75854,"status_timestamp":1643059571,"order_status":"return picked up"},{"order_id":75855,"status_timestamp":1643052948,"order_status":"delivered"},{"order_id":75855,"status_timestamp":1643062324,"order_status":"return picked up"},{"order_id":75855,"status_timestamp":1643037597,"order_status":"return processed"},{"order_id":75857,"status_timestamp":1643065875,"order_status":"delivered"},{"order_id":75858,"status_timestamp":1643064616,"order_status":"canceled"},{"order_id":75861,"status_timestamp":1643066076,"order_status":"preparing"},{"order_id":75861,"status_timestamp":1643063681,"order_status":"delivered"},{"order_id":75862,"status_timestamp":1643043248,"order_status":"preparing"},{"order_id":75863,"status_timestamp":1643065889,"order_status":"return requested"},{"order_id":75868,"status_timestamp":1643065985,"order_status":"preparing"}]