[{"order_id":75991,"status_timestamp":1643418123,"order_status":"placed"},{"order_id":75992,"status_timestamp":1643429871,"order_status":"placed"},{"order_id":75993,"status_timestamp":1643431203,"order_status":"placed"},{"order_id":75994,"status_timestamp":1643433281,"order_status":"placed"},{"order_id":75995,"status_timestamp":1643435187,"order_status":"placed"},{"order_id":75996,"status_timestamp":1643437111,"order_status":"placed"},{"order_id":75997,"status_timestamp":1643439530,"order_status":"placed"},{"order_id":75998,"status_timestamp":1643442426,"order_status":"placed"},{"order_id":75999,"status_timestamp":1643445883,"order_status":"placed"},{"order_id":76000,"status_timestamp":1643448578,"order_status":"placed"},{"order_id":76001,"status_timestamp":1643449298,"order_status":"placed"},{"order_id":76002,"status_timestamp":1643449487,"order_status":"placed"},{"order_id":76003,"status_timestamp":1643449531,"order_status":"placed"},{"order_id":76004,"status_timestamp":1643453618,"order_status":"placed"},{"order_id":76005,"status_timestamp":1643459565,"order_status":"placed"},{"order_id":76006,"status_timestamp":1643463954,"order_status":"placed"},{"order_id":76007,"status_timestamp":1643465093,"order_status":"placed"},{"order_id":76008,"status_timestamp":1643465212,"order_status":"placed"},{"order_id":76009,"status_timestamp":1643468180,"order_status":"placed"},{"order_id":76010,"status_timestamp":1643473756,"order_status":"placed"},{"order_id":76011,"status_timestamp":1643477268,"order_status":"placed"},{"order_id":76012,"status_timestamp":1643489756,"order_status":"placed"},{"order_id":76013,"status_timestamp":1643490297,"order_status":"placed"},{"order_id":76014,"status_timestamp":1643496011,"order_status":"placed"},{"order_id":75891,"status_timestamp":1643493041,"order_status":"return picked up"},{"order_id":75899,"status_timestamp":1643430680,"order_status":"return requested"},{"order_id":75903,"status_timestamp":1643445925,"order_status":"preparing"},{"order_id":75903,"status_timestamp":1643496355,"order_status":"on the way"},{"order_id":75905,"status_timestamp":1643477195,"order_status":"reported shipping error"},{"order_id":75911,"status_timestamp":1643459197,"order_status":"preparing"},{"order_id":75911,"status_timestamp":1643423426,"order_status":"on the way"},{"order_id":75913,"status_timestamp":1643431939,"order_status":"on the way"},{"order_id":75913,"status_timestamp":1643431909,"order_status":"delivered"},{"order_id":75914,"status_timestamp":1643481116,"order_status":"delivered"},{"order_id":75915,"status_timestamp":1643480008,"order_status":"on the way"},{"order_id":75918,"status_timestamp":1643485789,"order_status":"preparing"},{"order_id":75920,"status_timestamp":1643498801,"order_status":"on the way"},{"order_id":75923,"status_timestamp":1643431902,"order_status":"on the way"},{"order_id":75923,"status_timestamp":1643486139,"order_status":"delivered"},{"order_id":75925,"status_timestamp":1643424719,"order_status":"delivered"},{"order_id":75926,"status_timestamp":1643484370,"order_status":"return picked up"},{"order_id":75929,"status_timestamp":1643457677,"order_status":"delivered"},{"order_id":75933,"status_timestamp":1643459732,"order_status":"preparing"},{"order_id":75933,"status_timestamp":1643431055,"order_status":"on the way"},{"order_id":75934,"status_timestamp":1643440207,"order_status":"preparing"},{"order_id":75934,"status_timestamp":1643465916,"order_status":"on the way"},{"order_id":75935,"status_timestamp":1643421686,"order_status":"delivered"},{"order_id":75936,"status_timestamp":1643472945,"order_status":"on the way"},{"order_id":75937,"status_timestamp":1643496238,"order_status":"preparing"},{"order_id":75937,"status_timestamp":1643481331,"order_status":"delivered"},{"order_id":75937,"status_timestamp":1643424791,"order_status":"return requested"},{"order_id":75938,"status_timestamp":1643453589,"order_status":"delivered"},{"order_id":75941,"status_timestamp":1643443323,"order_status":"delivered"},{"order_id":75943,"status_timestamp":1643487138,"order_status":"preparing"},{"order_id":75943,"status_timestamp":1643495313,"order_status":"on the way"},{"order_id":75943,"status_timestamp":1643420626,"order_status":"delivered"},{"order_id":75944,"status_timestamp":1643441487,"order_status":"delivered"},{"order_id":75945,"status_timestamp":1643475154,"order_status":"preparing"},{"order_id":75946,"status_timestamp":1643450667,"order_status":"preparing"},{"order_id":75947,"status_timestamp":1643417681,"order_status":"on the way"},{"order_id":75948,"status_timestamp":1643428595,"order_status":"preparing"},{"order_id":75950,"status_timestamp":1643426037,"order_status":"delivered"},{"order_id":75950,"status_timestamp":1643414429,"order_status":"return requested"},{"order_id":75951,"status_timestamp":1643455007,"order_status":"preparing"},{"order_id":75951,"status_timestamp":1643497202,"order_status":"on the way"},{"order_id":75951,"status_timestamp":1643438418,"order_status":"delivered"},{"order_id":75952,"status_timestamp":1643424058,"order_status":"preparing"},{"order_id":75953,"status_timestamp":1643419186,"order_status":"preparing"},{"order_id":75954,"status_timestamp":1643474877,"order_status":"preparing"},{"order_id":75954,"status_timestamp":1643493473,"order_status":"return requested"},{"order_id":75955,"status_timestamp":1643482508,"order_status":"preparing"},{"order_id":75955,"status_timestamp":1643473093,"order_status":"delivered"},{"order_id":75957,"status_timestamp":1643420163,"order_status":"on the way"},{"order_id":75957,"status_timestamp":1643443773,"order_status":"return picked up"},{"order_id":75958,"status_timestamp":1643478214,"order_status":"delivered"},{"order_id":75959,"status_timestamp":1643441543,"order_status":"preparing"},{"order_id":75959,"status_timestamp":1643426069,"order_status":"on the way"},{"order_id":75959,"status_timestamp":1643448272,"order_status":"delivered"},{"order_id":75960,"status_timestamp":1643425671,"order_status":"delivered"},{"order_id":75961,"status_timestamp":1643498202,"order_status":"on the way"},{"order_id":75962,"status_timestamp":1643419999,"order_status":"canceled"},{"order_id":75963,"status_timestamp":1643479701,"order_status":"on the way"},{"order_id":75963,"status_timestamp":1643460059,"order_status":"return picked up"},{"order_id":75964,"status_timestamp":1643474098,"order_status":"on the way"},{"order_id":75965,"status_timestamp":1643428249,"order_status":"on the way"},{"order_id":75967,"status_timestamp":1643476630,"order_status":"on the way"},{"order_id":75968,"status_timestamp":1643500071,"order_status":"preparing"},{"order_id":75969,"status_timestamp":1643457055,"order_status":"delivered"},{"order_id":75970,"status_timestamp":1643477254,"order_status":"delivered"},{"order_id":75974,"status_timestamp":1643493079,"order_status":"delivered"},{"order_id":75975,"status_timestamp":1643472323,"order_status":"canceled"},{"order_id":75977,"status_timestamp":1643470300,"order_status":"preparing"},{"order_id":75981,"status_timestamp":1643496359,"order_status":"return picked up"},{"order_id":75982,"status_timestamp":1643478647,"order_status":"delivered"}]