[{"order_id":76015,"status_timestamp":1643502126,"order_status":"placed"},{"order_id":76016,"status_timestamp":1643503303,"order_status":"placed"},{"order_id":76017,"status_timestamp":1643504407,"order_status":"placed"},{"order_id":76018,"status_timestamp":1643506465,"order_status":"placed"},{"order_id":76019,"status_timestamp":1643508201,"order_status":"placed"},{"order_id":76020,"status_timestamp":1643515302,"order_status":"placed"},{"order_id":76021,"status_timestamp":1643523528,"order_status":"placed"},{"order_id":76022,"status_timestamp":1643528403,"order_status":"placed"},{"order_id":76023,"status_timestamp":1643528978,"order_status":"placed"},{"order_id":76024,"status_timestamp":1643534443,"order_status":"placed"},{"order_id":76025,"status_timestamp":1643534862,"order_status":"placed"},{"order_id":76026,"status_timestamp":1643535136,"order_status":"placed"},{"order_id":76027,"status_timestamp":1643536357,"order_status":"placed"},{"order_id":76028,"status_timestamp":1643539755,"order_status":"placed"},{"order_id":76029,"status_timestamp":1643546069,"order_status":"placed"},{"order_id":76030,"status_timestamp":1643546202,"order_status":"placed"},{"order_id":76031,"status_timestamp":1643554093,"order_status":"placed"},{"order_id":76032,"status_timestamp":1643555698,"order_status":"placed"},{"order_id":76033,"status_timestamp":1643562709,"order_status":"placed"},{"order_id":76034,"status_timestamp":1643564612,"order_status":"placed"},{"order_id":76035,"status_timestamp":1643566677,"order_status":"placed"},{"order_id":76036,"status_timestamp":1643567288,"order_status":"placed"},{"order_id":76037,"status_timestamp":1643573678,"order_status":"placed"},{"order_id":76038,"status_timestamp":1643577897,"order_status":"placed"},{"order_id":76039,"status_timestamp":1643582090,"order_status":"placed"},{"order_id":75899,"status_timestamp":1643555785,"order_status":"delivered"},{"order_id":75906,"status_timestamp":1643511631,"order_status":"delivered"},{"order_id":75907,"status_timestamp":1643530619,"order_status":"delivered"},{"order_id":75908,"status_timestamp":1643532627,"order_status":"preparing"},{"order_id":75908,"status_timestamp":1643522974,"order_status":"canceled"},{"order_id":75912,"status_timestamp":1643543745,"order_status":"on the way"},{"order_id":75913,"status_timestamp":1643555853,"order_status":"preparing"},{"order_id":75915,"status_timestamp":1643583120,"order_status":"delivered"},{"order_id":75918,"status_timestamp":1643554907,"order_status":"on the way"},{"order_id":75920,"status_timestamp":1643585281,"order_status":"preparing"},{"order_id":75930,"status_timestamp":1643572688,"order_status":"preparing"},{"order_id":75939,"status_timestamp":1643569285,"order_status":"preparing"},{"order_id":75941,"status_timestamp":1643549714,"order_status":"preparing"},{"order_id":75942,"status_timestamp":1643540693,"order_status":"preparing"},{"order_id":75944,"status_timestamp":1643544269,"order_status":"on the way"},{"order_id":75946,"status_timestamp":1643502630,"order_status":"on the way"},{"order_id":75946,"status_timestamp":1643545218,"order_status":"delivered"},{"order_id":75948,"status_timestamp":1643543767,"order_status":"delivered"},{"order_id":75949,"status_timestamp":1643527548,"order_status":"canceled"},{"order_id":75950,"status_timestamp":1643507353,"order_status":"preparing"},{"order_id":75950,"status_timestamp":1643582613,"order_status":"on the way"},{"order_id":75952,"status_timestamp":1643563095,"order_status":"on the way"},{"order_id":75953,"status_timestamp":1643584736,"order_status":"on the way"},{"order_id":75954,"status_timestamp":1643506439,"order_status":"on the way"},{"order_id":75954,"status_timestamp":1643522160,"order_status":"return canceled"},{"order_id":75956,"status_timestamp":1643536334,"order_status":"preparing"},{"order_id":75956,"status_timestamp":1643577027,"order_status":"on the way"},{"order_id":75958,"status_timestamp":1643535208,"order_status":"on the way"},{"order_id":75960,"status_timestamp":1643534420,"order_status":"on the way"},{"order_id":75961,"status_timestamp":1643526886,"order_status":"preparing"},{"order_id":75963,"status_timestamp":1643521578,"order_status":"return requested"},{"order_id":75964,"status_timestamp":1643505004,"order_status":"preparing"},{"order_id":75964,"status_timestamp":1643506645,"order_status":"delivered"},{"order_id":75965,"status_timestamp":1643509967,"order_status":"delivered"},{"order_id":75966,"status_timestamp":1643572862,"order_status":"preparing"},{"order_id":75966,"status_timestamp":1643572399,"order_status":"on the way"},{"order_id":75966,"status_timestamp":1643570813,"order_status":"delivered"},{"order_id":75967,"status_timestamp":1643532082,"order_status":"preparing"},{"order_id":75968,"status_timestamp":1643567414,"order_status":"canceled"},{"order_id":75969,"status_timestamp":1643549951,"order_status":"on the way"},{"order_id":75970,"status_timestamp":1643561508,"order_status":"preparing"},{"order_id":75970,"status_timestamp":1643567186,"order_status":"return picked up"},{"order_id":75970,"status_timestamp":1643563761,"order_status":"return processed"},{"order_id":75971,"status_timestamp":1643510773,"order_status":"preparing"},{"order_id":75971,"status_timestamp":1643571688,"order_status":"delivered"},{"order_id":75971,"status_timestamp":1643529995,"order_status":"return requested"},{"order_id":75971,"status_timestamp":1643573925,"order_status":"return picked up"},{"order_id":75971,"status_timestamp":1643528531,"order_status":"return processed"},{"order_id":75972,"status_timestamp":1643520699,"order_status":"canceled"},{"order_id":75976,"status_timestamp":1643523527,"order_status":"on the way"},{"order_id":75977,"status_timestamp":1643528353,"order_status":"delivered"},{"order_id":75978,"status_timestamp":1643508139,"order_status":"preparing"},{"order_id":75978,"status_timestamp":1643515148,"order_status":"on the way"},{"order_id":75979,"status_timestamp":1643517846,"order_status":"preparing"},{"order_id":75979,"status_timestamp":1643517561,"order_status":"on the way"},{"order_id":75979,"status_timestamp":1643529784,"order_status":"delivered"},{"order_id":75981,"status_timestamp":1643548654,"order_status":"return processed"},{"order_id":75982,"status_timestamp":1643523661,"order_status":"preparing"},{"order_id":75983,"status_timestamp":1643522632,"order_status":"preparing"},{"order_id":75984,"status_timestamp":1643512314,"order_status":"preparing"},{"order_id":75984,"status_timestamp":1643559945,"order_status":"on the way"},{"order_id":75985,"status_timestamp":1643535482,"order_status":"delivered"},{"order_id":75986,"status_timestamp":1643572173,"order_status":"preparing"},{"order_id":75986,"status_timestamp":1643531720,"order_status":"on the way"},{"order_id":75986,"status_timestamp":1643575137,"order_status":"delivered"},{"order_id":75988,"status_timestamp":1643557116,"order_status":"on the way"},{"order_id":75989,"status_timestamp":1643519812,"order_status":"delivered"},{"order_id":75992,"status_timestamp":1643566558,"order_status":"delivered"},{"order_id":75995,"status_timestamp":1643572012,"order_status":"on the way"},{"order_id":75997,"status_timestamp":1643570360,"order_status":"delivered"},{"order_id":76000,"status_timestamp":1643554285,"order_status":"delivered"},{"order_id":76002,"status_timestamp":1643583659,"order_status":"on the way"},{"order_id":76003,"status_timestamp":1643576002,"order_status":"return processed"},{"order_id":76005,"status_timestamp":1643570838,"order_status":"preparing"},{"order_id":76005,"status_timestamp":1643557250,"order_status":"on the way"},{"order_id":76006,"status_timestamp":1643551349,"order_status":"delivered"},{"order_id":76010,"status_timestamp":1643572932,"order_status":"preparing"},{"order_id":76010,"status_timestamp":1643573035,"order_status":"delivered"},{"order_id":76013,"status_timestamp":1643576833,"order_status":"on the way"}]